ciclo;timestamp;profile;blocks;headers;verificationprogress;cpu_percent;mem_percent;disk_used_MB;net_rx_kB;net_tx_kB
0;2025-07-29 20:00:44;dapps;0;0;8.190028114726699E-10;6,9;4,61;20898;8938913525;32901542
1;2025-07-29 20:01:45;dapps;0;233173;8.19002622407757E-10;6,2;4,88;20898;8938996206;32901751
2;2025-07-29 20:02:45;dapps;4183;907712;0.000003474208335388465;2,7;5,96;20900;8939052190;32902669
3;2025-07-29 20:03:45;dapps;40188;907712;0.00003319334220958376;12,3;6,05;20909;8939063938;32907854
4;2025-07-29 20:04:45;dapps;86448;907712;0.0001078101557640755;12,5;6,15;20957;8939096214;32914754
5;2025-07-29 20:05:46;dapps;129071;907712;0.0005247451486234231;14,3;6,35;21165;8939292624;32922424
6;2025-07-29 20:06:47;dapps;161311;907712;0.001775222191308817;40,6;8,90;21269;8939991153;32932221
7;2025-07-29 20:07:48;dapps;184801;907712;0.003423234612440367;19;8,95;21511;8940922992;32944830
8;2025-07-29 20:08:48;dapps;196918;907712;0.00546306307124692;20,3;8,53;21678;8942053810;32958225
9;2025-07-29 20:09:54;dapps;208049;907712;0.007286390766775879;36,5;9,12;21519;8943061601;32968666
10;2025-07-29 20:10:54;dapps;217617;907712;0.00945825342819996;35,9;10,45;21594;8944437563;32982931
11;2025-07-29 20:11:55;dapps;224483;907713;0.01139217655283111;6,9;10,13;21749;8945562990;32994149
12;2025-07-29 20:12:55;dapps;232523;907713;0.01353978909519518;19,4;11,30;21699;8946803877;33007425
13;2025-07-29 20:13:55;dapps;240478;907713;0.01570455548692331;19;11,59;21672;8948119216;33020396
14;2025-07-29 20:14:56;dapps;251877;907713;0.01799574251331243;36,5;10,22;22106;8949441464;33034653
15;2025-07-29 20:15:57;dapps;261951;907713;0.02043253357462224;39,4;12,39;21734;8950842586;33049866
16;2025-07-29 20:16:58;dapps;270701;907713;0.02251581044038416;36,5;11,84;21901;8952210914;33062744
17;2025-07-29 20:17:58;dapps;276650;907714;0.02441094257175767;40,6;11,11;21934;8953230861;33072274
18;2025-07-29 20:19:04;dapps;284267;907714;0.02644589282312225;28,6;10,81;21845;8954584729;33085037
19;2025-07-29 20:20:05;dapps;290293;907714;0.02844597370536827;3;12,41;22095;8956148636;33098941
20;2025-07-29 20:21:05;dapps;293995;907714;0.02961385985899234;42,2;12,71;21999;8956940033;33106310
21;2025-07-29 20:22:06;dapps;298035;907714;0.03085470260125153;20,3;12,25;22311;8957802113;33114751
22;2025-07-29 20:23:06;dapps;302614;907714;0.03232592429891745;35,9;14,17;22072;8958926668;33126102
23;2025-07-29 20:24:06;dapps;306375;907714;0.03349509214217999;17,7;13,33;22107;8959767555;33135706
24;2025-07-29 20:25:06;dapps;311875;907714;0.03519529712033807;25,4;11,83;22387;8961014500;33148865
25;2025-07-29 20:26:08;dapps;316316;907714;0.03672262119774335;37,5;13,12;22061;8962094701;33158750
26;2025-07-29 20:27:09;dapps;321548;907714;0.03855323027212616;36,5;11,85;21929;8963299796;33169937
27;2025-07-29 20:28:10;dapps;325492;907714;0.04012346356841244;20,6;13,66;22302;8964708983;33183418
28;2025-07-29 20:29:10;dapps;329440;907714;0.04182201764855804;38,7;13,10;22292;8965709170;33191805
29;2025-07-29 20:30:10;dapps;333567;907714;0.04386670789726341;35,5;12,64;22191;8967158096;33201074
30;2025-07-29 20:31:11;dapps;337352;907714;0.04561867190173243;38,1;13,51;22585;8968452605;33209388
31;2025-07-29 20:32:12;dapps;340580;907714;0.04742018031841638;34,9;12,57;22676;8969797919;33216703
32;2025-07-29 20:33:17;dapps;344090;907714;0.04917347691408787;37,5;12,21;22644;8970992057;33224017
33;2025-07-29 20:34:21;dapps;347182;907714;0.05084510332195624;36,5;13,71;22432;8972373733;33231987
34;2025-07-29 20:35:21;dapps;350865;907714;0.05288674818185961;36,5;13,34;22546;8973670505;33237078
35;2025-07-29 20:36:22;dapps;354006;907714;0.05482246539716278;39,1;13,10;22756;8975005410;33239963
36;2025-07-29 20:37:23;dapps;357224;907714;0.05670549570634569;36,4;12,64;22755;8976223431;33244895
37;2025-07-29 20:38:25;dapps;360630;907714;0.0588455741283929;38,1;13,64;22423;8977695309;33246965
38;2025-07-29 20:39:25;dapps;363243;907714;0.06059039735167342;34,4;13,61;22525;8978974834;33249583
39;2025-07-29 20:40:25;dapps;365320;907714;0.06244292095785459;35,9;12,49;23151;8980289462;33250636
40;2025-07-29 20:41:27;dapps;367393;907714;0.0637826572126633;38,1;13,35;22673;8981403208;33252111
41;2025-07-29 20:42:28;dapps;368710;907714;0.06476033994322176;39,7;13,43;23254;8982336912;33256445
42;2025-07-29 20:43:38;dapps;371692;907714;0.06659599815212526;36,1;12,33;23361;8983618729;33257936
43;2025-07-29 20:44:38;dapps;374276;907714;0.0683641105756136;36,5;12,78;23336;8985021971;33259569
44;2025-07-29 20:45:38;dapps;376400;907714;0.0700809998255446;39,7;12,98;23445;8986209485;33260641
45;2025-07-29 20:46:39;dapps;378910;907714;0.07191992062769692;38,1;13,24;23300;8987566132;33262175
46;2025-07-29 20:47:41;dapps;381027;907714;0.07358377867901601;36,5;12,53;23452;8988772239;33263936
47;2025-07-29 20:48:41;dapps;382906;907714;0.07525476749892057;40,6;13,25;23139;8989931000;33265401
48;2025-07-29 20:49:43;dapps;385414;907714;0.07724972349761514;33,9;13,23;23085;8991282417;33267680
49;2025-07-29 20:50:43;dapps;387675;907714;0.07932097905290583;38,1;13,19;23198;8992679418;33269452
50;2025-07-29 20:51:43;dapps;389554;907714;0.0812879045642102;38,7;12,59;23528;8993924910;33270645
51;2025-07-29 20:52:45;dapps;391905;907714;0.0834465966144831;38,1;12,78;23374;8995343600;33275474
52;2025-07-29 20:53:45;dapps;393748;907714;0.0852877360673235;39,7;13,52;23311;8996589596;33277046
53;2025-07-29 20:54:53;dapps;395450;907714;0.0871471724390695;34,9;12,38;23474;8997847553;33278006
54;2025-07-29 20:55:54;dapps;397450;907714;0.08914160884903033;39,1;13,13;23353;8999224426;33279351
55;2025-07-29 20:56:54;dapps;399175;907714;0.09099606660274297;39,1;12,61;23352;9000446022;33280346
56;2025-07-29 20:57:54;dapps;400902;907714;0.09334547161073575;37,5;12,92;23769;9001907515;33283161
57;2025-07-29 20:58:55;dapps;402613;907714;0.0951289369816762;41,5;13,17;23849;9003130818;33284210
58;2025-07-29 20:59:55;dapps;404283;907714;0.09696500328265484;39,1;12,83;23984;9004304003;33285648
59;2025-07-29 21:01:05;dapps;406017;907715;0.09879125021567436;35,9;12,76;23747;9005595718;33286879
60;2025-07-29 21:02:05;dapps;408028;907715;0.101114844802968;36,5;12,49;23797;9007070598;33288162
61;2025-07-29 21:03:05;dapps;409567;907715;0.1030711387921933;36,5;12,46;24138;9008295102;33289483
62;2025-07-29 21:04:05;dapps;411571;907715;0.1054198866620126;41,5;12,46;24105;9009736224;33290789
63;2025-07-29 21:05:06;dapps;413010;907715;0.1071430395320615;39,7;12,80;24058;9010924152;33291661
64;2025-07-29 21:06:06;dapps;414659;907715;0.1092581511184693;36,4;12,70;24195;9012325307;33292642
65;2025-07-29 21:07:07;dapps;416179;907715;0.1110759636885442;39,1;13,75;24262;9013521031;33293741
66;2025-07-29 21:08:07;dapps;417714;907715;0.1131241881151813;39,1;13,69;24573;9014907706;33294926
67;2025-07-29 21:09:07;dapps;419165;907715;0.114806277175891;37,1;12,97;24740;9016034568;33295915
68;2025-07-29 21:10:07;dapps;420974;907715;0.1169447000979771;39,7;12,22;24688;9017429783;33298108
69;2025-07-29 21:11:08;dapps;422354;907715;0.1186898525627866;38,7;12,73;24606;9018585987;33299745
70;2025-07-29 21:12:15;dapps;424053;907715;0.1207955116616083;39,1;12,53;24523;9019973250;33301568
71;2025-07-29 21:13:16;dapps;425741;907715;0.1229579784016722;39,7;13,00;24776;9021452320;33305022
72;2025-07-29 21:14:17;dapps;427303;907715;0.1248249676056318;38,1;13,02;24626;9022555519;33305918
73;2025-07-29 21:15:17;dapps;428923;907715;0.1268478034719576;37,5;13,10;24882;9023859380;33306926
74;2025-07-29 21:16:17;dapps;430590;907715;0.1287637038760073;39,1;13,05;24773;9025105563;33307991
75;2025-07-29 21:17:20;dapps;432216;907715;0.1307465878202729;37,5;12,65;24834;9026349154;33309366
76;2025-07-29 21:18:21;dapps;433913;907716;0.1329699366391867;38,1;13,26;24746;9027722115;33310989
77;2025-07-29 21:19:22;dapps;435303;907716;0.1349193869357277;35,5;12,33;24642;9028937406;33312316
78;2025-07-29 21:20:23;dapps;436561;907716;0.1365577257228539;35,5;12,76;24797;9030031061;33313134
79;2025-07-29 21:21:23;dapps;437993;907716;0.1385756536623451;37,1;12,20;24930;9031248543;33314428
80;2025-07-29 21:22:24;dapps;439433;907716;0.1404999452982904;39,7;12,38;24928;9032503659;33315804
81;2025-07-29 21:23:24;dapps;440716;907716;0.1425496047249345;15,9;12,96;24975;9033796618;33320612
82;2025-07-29 21:24:25;dapps;441991;907716;0.1444399491788623;39,7;12,38;25033;9034828539;33325958
83;2025-07-29 21:25:26;dapps;443301;907716;0.1463249308517583;38,1;12,38;25166;9035959855;33330314
84;2025-07-29 21:26:29;dapps;444585;907716;0.1483936338561166;38,7;12,42;24921;9037246502;33337453
85;2025-07-29 21:27:30;dapps;446231;907716;0.1507281899157905;39,7;12,59;25009;9038575633;33340414
86;2025-07-29 21:28:33;dapps;447226;907716;0.152332797468438;40,6;13,72;25240;9039910831;33348977
87;2025-07-29 21:29:33;dapps;448686;907716;0.1543996508773416;40,9;13,31;25052;9040853841;33351176
88;2025-07-29 21:30:33;dapps;450047;907716;0.156305665122661;36,5;12,61;25166;9041924412;33355916
89;2025-07-29 21:31:34;dapps;451294;907716;0.1580724232707768;41,5;12,45;25090;9043149075;33359800
90;2025-07-29 21:32:34;dapps;452453;907716;0.159995445324104;40,3;12,57;25196;9044489149;33363721
91;2025-07-29 21:33:35;dapps;453812;907716;0.1621113034088297;36,5;12,68;25266;9045763552;33368565
92;2025-07-29 21:34:35;dapps;455097;907716;0.1641694824563034;38,1;12,58;25178;9046776449;33371303
93;2025-07-29 21:35:36;dapps;456295;907716;0.1662205617955988;33,9;12,61;25077;9047970271;33375191
94;2025-07-29 21:36:36;dapps;457362;907716;0.1678832175404472;42,2;13,10;25361;9049230906;33383660
95;2025-07-29 21:37:36;dapps;458894;907716;0.1702470308043589;38,1;12,52;25157;9050525656;33389214
96;2025-07-29 21:38:37;dapps;460195;907716;0.172096633846051;28,1;13,33;25054;9051713409;33392633
97;2025-07-29 21:39:37;dapps;461320;907717;0.1737826339067838;36,5;12,56;25177;9052828467;33396571
98;2025-07-29 21:40:37;dapps;462495;907717;0.1755687319122796;33,9;13,07;25743;9054583325;33404568
99;2025-07-29 21:41:38;dapps;463703;907717;0.1775083715648301;25,4;12,89;25563;9055665378;33408703
100;2025-07-29 21:42:38;dapps;465248;907717;0.1801179135926156;46,9;13,14;25182;9056780222;33412207
101;2025-07-29 21:43:40;dapps;466342;907717;0.1819960383924236;36,5;12,49;25556;9058266858;33419921
102;2025-07-29 21:44:40;dapps;467357;907717;0.1836701803052312;35,9;13,12;26221;9059666717;33425728
103;2025-07-29 21:45:41;dapps;468800;907717;0.1861873371160287;37,1;13,12;25401;9060230156;33426887
104;2025-07-29 21:46:46;dapps;470041;907717;0.1880134090424985;37,5;12,86;25391;9061643664;33432373
105;2025-07-29 21:47:54;dapps;471350;907717;0.1900400025982751;34,9;12,52;25697;9063222690;33437491
106;2025-07-29 21:48:55;dapps;472506;907717;0.1917492460430917;40,3;13,10;25914;9064535275;33445108
107;2025-07-29 21:49:56;dapps;473846;907717;0.1935494023086419;38,1;13,55;25383;9065194112;33445660
108;2025-07-29 21:50:56;dapps;475169;907717;0.1951237454015399;39,7;14,60;25424;9066353640;33446601
109;2025-07-29 21:51:57;dapps;476372;907717;0.1966277667725537;38,5;13,84;25366;9067457368;33447434
110;2025-07-29 21:52:57;dapps;477641;907717;0.1981632346486613;36,5;12,56;25393;9068629118;33448386
111;2025-07-29 21:53:57;dapps;479063;907717;0.1997994169281145;37,5;12,46;25790;9069903688;33449395
112;2025-07-29 21:54:58;dapps;480232;907717;0.201411559774243;34,9;12,88;25389;9071008111;33450318
113;2025-07-29 21:55:59;dapps;481422;907717;0.2032786065545177;36,5;13,32;25498;9072197186;33451669
114;2025-07-29 21:56:59;dapps;482576;907717;0.205118240310628;35,9;12,81;25567;9073348355;33452536
115;2025-07-29 21:57:59;dapps;483918;907717;0.2068156285150297;23,8;14,05;25394;9074558663;33453645
116;2025-07-29 21:59:01;dapps;485343;907717;0.2084863819333389;34,4;12,72;25643;9075808405;33455289
117;2025-07-29 22:00:11;dapps;487040;907717;0.2106234221798627;37,5;13,13;25573;9077073098;33456603
118;2025-07-29 22:01:12;dapps;488438;907717;0.2125721874013117;38,1;12,70;25583;9078334023;33457845
119;2025-07-29 22:02:12;dapps;489627;907717;0.2142991505778727;37,5;12,91;25600;9079440777;33458907
120;2025-07-29 22:03:13;dapps;490895;907717;0.2162840998723163;37,5;12,35;25499;9080706837;33460193
121;2025-07-29 22:04:14;dapps;492005;907717;0.2179275131803266;36,5;12,53;25710;9081793464;33461327
122;2025-07-29 22:05:14;dapps;493022;907717;0.2197948814622661;41,3;12,44;25721;9082866080;33462252
123;2025-07-29 22:06:15;dapps;494160;907717;0.2217945369922442;39,7;13,31;25811;9084075401;33463263
124;2025-07-29 22:07:15;dapps;495153;907717;0.223401605717163;37,5;13,06;25539;9085128306;33464090
125;2025-07-29 22:08:15;dapps;496101;907717;0.2250284545144551;38,1;12,57;25766;9086146698;33465064
126;2025-07-29 22:09:16;dapps;497217;907717;0.2270793329594619;36,5;13,13;25669;9087340073;33466678
127;2025-07-29 22:10:16;dapps;498195;907717;0.2288871990440145;40;12,64;25541;9088403141;33467637
128;2025-07-29 22:11:17;dapps;499077;907718;0.2305288681205928;37,1;12,62;25709;9089354293;33468383
129;2025-07-29 22:12:17;dapps;500210;907718;0.2327149105880899;35,5;12,93;25741;9090567245;33469807
130;2025-07-29 22:13:17;dapps;501124;907718;0.2343296484573132;38,1;13,11;25742;9091552593;33470532
131;2025-07-29 22:14:18;dapps;502071;907718;0.2358702016755515;35,5;13,67;25697;9092584470;33471328
132;2025-07-29 22:15:18;dapps;503216;907718;0.2379797513645101;38,1;14,30;25852;9093814131;33472467
133;2025-07-29 22:16:19;dapps;504164;907718;0.2394370318494669;39,1;13,88;25822;9094819870;33473529
134;2025-07-29 22:17:20;dapps;505122;907718;0.2407962514015138;36,5;12,83;25818;9095853293;33474339
135;2025-07-29 22:18:20;dapps;506050;907718;0.2418498862710439;36,5;12,77;26000;9096885565;33475282
136;2025-07-29 22:19:21;dapps;507020;907718;0.2430137859918222;35,9;13,31;26058;9097894425;33476233
137;2025-07-29 22:20:22;dapps;508077;907718;0.2441407518813749;39,1;12,73;26236;9099032337;33477734
138;2025-07-29 22:21:22;dapps;508849;907718;0.2449216716661924;39,1;12,62;25956;9099846192;33478424
139;2025-07-29 22:22:22;dapps;509655;907718;0.2457087056796526;35,9;13,38;25916;9100685007;33479086
140;2025-07-29 22:23:22;dapps;510607;907718;0.2466532153721669;46;12,81;26015;9101637837;33479857
141;2025-07-29 22:24:23;dapps;511804;907718;0.247817297742581;37,1;12,31;26187;9102814143;33480957
142;2025-07-29 22:25:23;dapps;512654;907718;0.2486863649197134;39,7;13,14;25945;9103721125;33481939
143;2025-07-29 22:26:23;dapps;513700;907718;0.2497395808512202;39,1;12,80;25951;9104662146;33482936
144;2025-07-29 22:27:23;dapps;515332;907718;0.2513461854479694;36,5;13,21;25887;9105799389;33483981
145;2025-07-29 22:28:24;dapps;516922;907718;0.2528681955748711;36,5;12,71;25892;9106877502;33485066
146;2025-07-29 22:29:24;dapps;518232;907718;0.2540835980392992;33,3;12,92;25507;9107780776;33486105
147;2025-07-29 22:30:24;dapps;518946;907718;0.2547892347085862;6,5;12,50;26036;9108827724;33487862
148;2025-07-29 22:31:28;dapps;520015;907718;0.2560252287065246;37,5;13,90;25834;9109153059;33488632
149;2025-07-29 22:32:32;dapps;521192;907718;0.2573945953924858;40,3;12,92;26409;9110747846;33497326
150;2025-07-29 22:33:32;dapps;522295;907718;0.2586659545711127;37,5;13,21;26570;9111775549;33502302
151;2025-07-29 22:34:33;dapps;524095;907718;0.260568329358976;37,5;12,71;25825;9112423439;33503376
152;2025-07-29 22:35:33;dapps;525803;907718;0.2621968147796576;40,6;13,76;25785;9113571416;33506417
153;2025-07-29 22:36:33;dapps;526991;907718;0.2634620321502489;35,9;12,95;25600;9114643853;33507056
154;2025-07-29 22:37:37;dapps;528420;907719;0.2649506986202406;34,9;13,06;25679;9115828759;33510458
155;2025-07-29 22:38:38;dapps;529828;907719;0.2663609646088159;36,5;13,34;25570;9116895689;33514770
156;2025-07-29 22:39:41;dapps;531197;907719;0.2678376949699394;38,1;12,71;25944;9118211228;33517180
157;2025-07-29 22:40:42;dapps;532185;907719;0.2689958600657839;39,7;12,68;25762;9119051120;33517677
158;2025-07-29 22:41:42;dapps;533522;907719;0.2704955700984316;34,9;12,71;26052;9120155499;33519726
159;2025-07-29 22:42:42;dapps;534808;907719;0.2719732114118775;37,1;13,25;25698;9121257090;33520531
160;2025-07-29 22:43:43;dapps;536150;907719;0.2735074919768072;35,9;12,69;25779;9122339405;33521250
161;2025-07-29 22:44:43;dapps;537616;907719;0.2751363617199574;36,7;13,86;25438;9123581055;33522820
162;2025-07-29 22:45:44;dapps;539124;907719;0.2768814393641647;34,9;12,78;25873;9124642511;33525674
163;2025-07-29 22:46:46;dapps;540406;907719;0.278541646724516;39,7;14,18;25734;9125976802;33527359
164;2025-07-29 22:47:47;dapps;541910;907719;0.2803866119354061;37,7;12,82;25648;9126984459;33528268
165;2025-07-29 22:48:47;dapps;543218;907719;0.2821125873464862;35,5;13,36;25868;9128141218;33529598
166;2025-07-29 22:49:48;dapps;544539;907719;0.2838510608597229;38,1;12,88;25725;9129194383;33530782
167;2025-07-29 22:50:48;dapps;545698;907719;0.2854575566254654;36,5;13,00;25508;9130297016;33532617
168;2025-07-29 22:51:48;dapps;546693;907719;0.2868834325214143;38,7;13,00;25626;9131512421;33535054
169;2025-07-29 22:52:49;dapps;547870;907719;0.2885734911020612;37,1;12,57;25788;9132454998;33536991
170;2025-07-29 22:53:49;dapps;549000;907719;0.2902896178358736;39,1;12,95;25564;9133590161;33537593
171;2025-07-29 22:54:50;dapps;550073;907719;0.29215464870903;38,1;13,16;25678;9134755177;33538289
172;2025-07-29 22:55:50;dapps;551070;907719;0.293911859943435;36,5;13,46;25518;9135880902;33538992
173;2025-07-29 22:56:50;dapps;552020;907719;0.2955572662246438;39,1;12,73;25516;9136960723;33539599
174;2025-07-29 22:57:50;dapps;553031;907719;0.2972438159863756;39,1;12,58;25816;9138062270;33540229
175;2025-07-29 22:58:51;dapps;554191;907719;0.2991032082228943;35,5;12,64;25822;9139294170;33541018
176;2025-07-29 22:59:51;dapps;555337;907719;0.3008117260831424;39,1;12,52;25743;9140421153;33543142
177;2025-07-29 23:00:55;dapps;556529;907719;0.3024918932416947;36,4;13,17;26134;9142026713;33548277
178;2025-07-29 23:01:56;dapps;558042;907719;0.3048048329752299;38,1;13,84;25531;9142871624;33549357
179;2025-07-29 23:02:56;dapps;559180;907719;0.3068460397311504;37,1;12,94;25689;9144039671;33550085
180;2025-07-29 23:03:56;dapps;560380;907719;0.3088418116311318;39,7;13,41;25512;9145285196;33551248
181;2025-07-29 23:04:57;dapps;561562;907720;0.3109962778992416;35,5;13,25;25707;9146423057;33552427
182;2025-07-29 23:05:57;dapps;562655;907720;0.3129089185587521;37,1;12,48;25773;9147531988;33553030
183;2025-07-29 23:06:57;dapps;563671;907720;0.314782671283482;39,1;12,30;25758;9148649640;33553641
184;2025-07-29 23:07:57;dapps;564705;907720;0.3167459126093386;40,6;12,67;25529;9149797644;33554235
185;2025-07-29 23:08:58;dapps;565869;907721;0.3189259604613032;36,5;12,71;25608;9151197631;33555410
186;2025-07-29 23:09:59;dapps;566910;907722;0.3205809335885743;37,5;13,13;25753;9152363447;33557451
187;2025-07-29 23:10:59;dapps;568140;907722;0.322430484824651;38,1;12,39;25787;9153342811;33558272
188;2025-07-29 23:11:59;dapps;569246;907722;0.3243845501829752;36,5;12,56;25711;9154500449;33558947
189;2025-07-29 23:12:59;dapps;570151;907722;0.3263248175158656;43,8;12,97;26005;9155609236;33559657
190;2025-07-29 23:14:00;dapps;571056;907723;0.3282144132450614;38,1;13,77;25645;9156740984;33560304
191;2025-07-29 23:15:00;dapps;572026;907723;0.330279723567381;35,5;13,34;25619;9157915223;33560994
192;2025-07-29 23:16:00;dapps;572942;907723;0.3321584232450911;37,5;13,13;25573;9159041683;33561639
193;2025-07-29 23:17:01;dapps;573911;907723;0.3341161772615507;36,5;12,86;25872;9160204117;33562249
194;2025-07-29 23:18:01;dapps;574884;907723;0.3361458319579394;40,6;14,08;25641;9161389461;33562936
195;2025-07-29 23:19:01;dapps;575472;907723;0.3373706977317224;22,2;13,35;26733;9163209820;33569309
196;2025-07-29 23:20:02;dapps;576522;907723;0.3394498919972123;35,5;13,36;25768;9163469806;33570585
197;2025-07-29 23:21:02;dapps;577430;907723;0.3411987846796919;36,1;12,74;26024;9164576200;33571457
198;2025-07-29 23:22:03;dapps;578323;907723;0.3429364996686905;22,6;13,72;25733;9165645655;33572009
199;2025-07-29 23:23:03;dapps;579146;907723;0.3445268595722113;39,4;13,80;25974;9166697889;33572574
200;2025-07-29 23:24:05;dapps;580107;907723;0.3463112952779612;38,1;12,81;26132;9167871139;33574477
201;2025-07-29 23:25:08;dapps;580946;907723;0.3479227205554665;39,1;12,69;26046;9168905261;33575366
202;2025-07-29 23:26:08;dapps;581826;907723;0.3496331305578392;36,5;13,21;25942;9169973980;33576000
203;2025-07-29 23:27:09;dapps;582671;907724;0.351243088869816;34,9;12,71;25988;9171028283;33576892
204;2025-07-29 23:28:09;dapps;583691;907724;0.3531688379282011;38,1;12,81;26129;9172263204;33577631
205;2025-07-29 23:29:09;dapps;584754;907724;0.3550271951979364;36,5;13,14;25885;9173385305;33578333
206;2025-07-29 23:30:11;dapps;585634;907724;0.3566841616140299;39,1;13,72;26154;9174418117;33578902
207;2025-07-29 23:31:12;dapps;586490;907724;0.3582093901120759;37,5;12,86;26057;9175367784;33579458
208;2025-07-29 23:32:13;dapps;587530;907724;0.3599135393153686;39,7;12,61;26131;9176620582;33580739
209;2025-07-29 23:33:13;dapps;588687;907725;0.3618718543601209;37,5;14,09;26000;9177574839;33581403
210;2025-07-29 23:34:13;dapps;589683;907725;0.3637023791493893;34,4;14,00;26136;9178689332;33582034
211;2025-07-29 23:35:14;dapps;590649;907725;0.3654850955824421;36,5;12,63;26285;9179726785;33582685
212;2025-07-29 23:36:15;dapps;591601;907725;0.367169308811614;36,5;12,58;26350;9180776549;33583380
213;2025-07-29 23:37:15;dapps;592690;907725;0.3690783729216371;37,5;12,61;26253;9181871961;33584043
214;2025-07-29 23:38:15;dapps;593509;907725;0.3705539757653272;22,2;13,75;26643;9183326701;33587833
215;2025-07-29 23:39:16;dapps;594784;907725;0.3726272076257541;35,5;12,73;26495;9184004544;33590553
216;2025-07-29 23:40:16;dapps;595795;907725;0.3743912261071306;38,1;12,93;26123;9185066649;33591277
217;2025-07-29 23:41:21;dapps;596731;907725;0.3760490738348893;38,1;13,36;26196;9186049280;33591994
218;2025-07-29 23:42:21;dapps;597815;907725;0.3780212600972424;39,1;13,08;26227;9187182277;33592768
219;2025-07-29 23:43:22;dapps;598961;907725;0.3799996886068102;35,5;13,07;26277;9188321548;33593632
220;2025-07-29 23:44:22;dapps;600039;907725;0.3819422520605639;39,1;12,54;26412;9189480427;33594793
221;2025-07-29 23:45:22;dapps;601123;907725;0.3838583302511349;40,3;14,21;26207;9190542238;33596450
222;2025-07-29 23:46:23;dapps;602017;907725;0.3855371752653153;35,9;13,09;26259;9191588195;33598358
223;2025-07-29 23:47:23;dapps;602875;907725;0.3871475681425744;32,8;14,56;26249;9192576452;33600069
224;2025-07-29 23:48:29;dapps;603852;907725;0.3888442035584246;31,7;13,36;26289;9193710826;33601362
225;2025-07-29 23:49:30;dapps;604756;907726;0.3903909471229951;36,5;13,22;26654;9194864800;33606523
226;2025-07-29 23:50:32;dapps;605785;907726;0.3922325313168489;38,1;12,69;26851;9196039966;33610014
227;2025-07-29 23:51:32;dapps;606935;907726;0.39422344022425;27,9;12,65;26376;9197034392;33610944
228;2025-07-29 23:52:32;dapps;608014;907726;0.3960769505385822;35,9;12,95;26382;9198002708;33612876
229;2025-07-29 23:53:36;dapps;608923;907726;0.3976511740541535;35,5;12,74;26649;9198995066;33613691
230;2025-07-29 23:54:36;dapps;610070;907726;0.3995032110505714;36,5;12,98;26644;9200065822;33615431
231;2025-07-29 23:55:36;dapps;611312;907727;0.4014027533875761;33,9;14,13;26432;9201156018;33616816
232;2025-07-29 23:56:37;dapps;612403;907727;0.403211054757383;38,1;13,50;26738;9202272870;33618027
233;2025-07-29 23:57:37;dapps;613433;907727;0.4049671948846091;33,9;13,18;26473;9203273841;33619047
234;2025-07-29 23:58:37;dapps;614454;907727;0.4066613718085262;35,5;13,67;26602;9204527636;33620510
235;2025-07-29 23:59:38;dapps;615593;907727;0.4086303921282371;36,5;13,34;26393;9205498900;33621518
236;2025-07-30 00:00:40;dapps;616445;907727;0.4102282114507285;35,5;13,07;26549;9206495398;33622329
237;2025-07-30 00:01:40;dapps;617332;907727;0.4119210895963725;36,5;12,74;26778;9207522800;33622976
238;2025-07-30 00:02:41;dapps;618244;907727;0.413632091401508;38,1;12,58;26790;9208541545;33623660
239;2025-07-30 00:03:41;dapps;619219;907727;0.4153998379249781;36,5;12,99;26705;9209590780;33624372
240;2025-07-30 00:04:47;dapps;620351;907728;0.417397381818069;23,8;12,89;26436;9210813002;33625326
241;2025-07-30 00:05:48;dapps;621343;907728;0.4192084888434193;36,5;14,27;26619;9211915442;33626049
242;2025-07-30 00:06:48;dapps;622189;907728;0.4207418104878803;38,1;13,31;26598;9212976362;33626717
243;2025-07-30 00:07:48;dapps;623063;907728;0.4222697656306578;38,1;13,02;26818;9213961487;33627624
244;2025-07-30 00:08:49;dapps;624058;907729;0.423710329246548;37,1;12,71;26729;9214991515;33628278
245;2025-07-30 00:09:49;dapps;625005;907729;0.4251358553081354;39,7;13,27;26529;9216018728;33628932
246;2025-07-30 00:10:50;dapps;626147;907729;0.4267578278895742;34,4;13,07;26511;9217127232;33629646
247;2025-07-30 00:11:50;dapps;627144;907730;0.4283382098378435;38,1;13,32;26619;9218237890;33631781
248;2025-07-30 00:12:50;dapps;627983;907730;0.429811066249336;38,7;13,58;26567;9219277087;33632476
249;2025-07-30 00:13:52;dapps;628743;907730;0.4311418921476267;25,4;14,07;26520;9220245477;33633109
250;2025-07-30 00:14:52;dapps;629580;907730;0.4326468445676046;36,5;12,91;26873;9221274843;33633837
251;2025-07-30 00:15:53;dapps;630342;907730;0.4339889584902112;37,5;12,89;26863;9222271678;33634461
252;2025-07-30 00:16:53;dapps;631088;907730;0.4354182479435745;38,1;13,94;26599;9223272296;33635110
253;2025-07-30 00:17:53;dapps;631813;907730;0.4367452165110431;40,6;12,75;26703;9224251798;33635778
254;2025-07-30 00:18:54;dapps;632688;907730;0.4382266352374017;35,5;12,64;26744;9225352260;33636445
255;2025-07-30 00:20:02;dapps;633743;907730;0.4398603278768978;38,1;12,76;26755;9226579997;33638326
256;2025-07-30 00:21:03;dapps;634598;907730;0.4412046562884913;41,3;13,53;26702;9227557264;33639824
257;2025-07-30 00:22:03;dapps;635465;907730;0.4427406628079151;35,5;13,05;26807;9228570670;33641202
258;2025-07-30 00:23:04;dapps;636343;907730;0.4442599791223655;37,1;12,77;26896;9229636579;33642459
259;2025-07-30 00:24:04;dapps;637208;907730;0.4457105419713227;38,1;13,62;26600;9230650066;33643080
260;2025-07-30 00:25:04;dapps;638088;907730;0.4471217034821625;41,3;12,55;27233;9232009050;33644922
261;2025-07-30 00:26:05;dapps;638930;907730;0.4486226527131593;39,1;13,49;26905;9232940247;33645897
262;2025-07-30 00:27:05;dapps;639868;907730;0.4503988220325965;37,5;12,75;26735;9233856764;33649053
263;2025-07-30 00:28:07;dapps;640589;907730;0.451805375576603;38,7;13,25;26816;9234927358;33650681
264;2025-07-30 00:29:07;dapps;641427;907730;0.4533108392897871;37,1;13,34;26814;9235911615;33651560
265;2025-07-30 00:30:08;dapps;642152;907730;0.454602498250735;36,1;12,87;27011;9236873699;33652140
266;2025-07-30 00:31:08;dapps;642790;907730;0.4557589697517374;34,9;12,69;26866;9237713194;33652707
267;2025-07-30 00:32:08;dapps;643577;907730;0.457126700949936;36,9;12,69;26900;9238730921;33653437
268;2025-07-30 00:33:09;dapps;644429;907730;0.4586612544406671;39,7;13,94;26702;9239812080;33654327
269;2025-07-30 00:34:09;dapps;645300;907730;0.4601970382113026;35,5;12,97;26785;9240936139;33655076
270;2025-07-30 00:35:09;dapps;646062;907730;0.4615913727516004;38,1;12,96;26982;9241954323;33655845
271;2025-07-30 00:36:10;dapps;646894;907730;0.463139368888984;35,9;14,82;26634;9243032016;33656504
272;2025-07-30 00:37:10;dapps;647641;907730;0.4643723031793716;39,1;14,08;26718;9244025412;33657326
273;2025-07-30 00:38:11;dapps;648521;907730;0.4657613780252038;38,5;12,89;26856;9245044188;33657932
274;2025-07-30 00:39:11;dapps;649414;907730;0.4672277940951352;39,7;12,83;26844;9246139506;33658649
275;2025-07-30 00:40:11;dapps;650253;907730;0.4687031155896281;38,1;12,80;26879;9247233643;33659309
276;2025-07-30 00:41:12;dapps;651096;907730;0.4702759913130989;38,1;14,18;26575;9248324188;33659946
277;2025-07-30 00:42:13;dapps;651965;907730;0.4718058517560128;36,5;13,28;26686;9249441740;33660618
278;2025-07-30 00:43:20;dapps;652836;907730;0.4732800416100744;36,9;12,74;26676;9250518735;33661294
279;2025-07-30 00:44:20;dapps;653672;907730;0.4747441841286129;37,1;13,09;26832;9251515882;33661903
280;2025-07-30 00:45:23;dapps;654442;907730;0.4761854923482648;39,7;12,77;27084;9252563605;33663072
281;2025-07-30 00:46:23;dapps;655334;907730;0.4779424023085485;39,1;12,86;26948;9253721395;33663815
282;2025-07-30 00:47:24;dapps;656120;907730;0.4792114213072244;35,5;13,38;26715;9254793349;33664527
283;2025-07-30 00:48:25;dapps;656904;907730;0.4805278617991179;37,5;13,93;26652;9255809839;33665180
284;2025-07-30 00:49:28;dapps;657678;907730;0.4818223436484993;38,5;13,17;26756;9256801268;33665896
285;2025-07-30 00:50:35;dapps;658538;907730;0.4832249089970595;34,9;12,67;27352;9258149729;33674087
286;2025-07-30 00:51:35;dapps;659300;907730;0.4845024461042711;25,4;13,72;27035;9258993218;33675652
287;2025-07-30 00:52:43;dapps;660073;907731;0.4859445847665365;37,5;13,23;27167;9260051540;33683264
288;2025-07-30 00:53:43;dapps;660683;907731;0.4870109801978818;35,5;12,60;27743;9261389865;33688643
289;2025-07-30 00:54:50;dapps;661660;907731;0.4887507128280468;35,5;13,46;27004;9262037938;33691408
290;2025-07-30 00:55:50;dapps;662459;907731;0.4901617998394943;36,5;12,95;27047;9263041833;33695185
291;2025-07-30 00:56:52;dapps;663221;907731;0.4914922832906899;37,5;12,76;26904;9264031441;33698968
292;2025-07-30 00:57:56;dapps;663665;907731;0.4922253155843515;39,1;12,70;28101;9265658848;33707841
293;2025-07-30 00:58:59;dapps;664677;907731;0.4939630086112248;35,5;13,73;26947;9265911219;33708206
294;2025-07-30 01:00:05;dapps;665197;907731;0.4949597077093081;36,1;13,22;27853;9267586839;33712930
295;2025-07-30 01:01:05;dapps;666163;907731;0.4966987946277381;36,5;13,03;27033;9267862227;33713171
296;2025-07-30 01:02:10;dapps;666906;907731;0.4980042455683177;38,1;12,89;27059;9268954779;33715743
297;2025-07-30 01:03:14;dapps;667577;907731;0.4991461180943176;35,9;12,90;27092;9269968893;33718044
298;2025-07-30 01:04:15;dapps;668334;907731;0.5005313866083689;38,1;12,88;27317;9270973194;33719466
299;2025-07-30 01:05:15;dapps;669183;907731;0.5020955404354622;36,5;12,85;27081;9271900197;33721844
300;2025-07-30 01:06:15;dapps;669754;907731;0.5030574947144311;36,5;12,86;27013;9272681877;33722599
301;2025-07-30 01:07:18;dapps;670386;907731;0.5042974872196133;39,1;12,78;27542;9274065669;33725205
302;2025-07-30 01:08:19;dapps;671220;907732;0.5058012637044853;37,1;13,12;26987;9274623914;33725769
303;2025-07-30 01:09:19;dapps;671954;907732;0.5070983002790052;36,5;13,45;26979;9275627699;33727205
304;2025-07-30 01:10:24;dapps;672601;907732;0.5082127624614536;37,5;14,01;27452;9276969453;33731871
305;2025-07-30 01:11:24;dapps;673268;907732;0.5094154463976676;39,7;14,05;27195;9277721602;33733601
306;2025-07-30 01:12:26;dapps;674047;907732;0.5106982531252925;36,5;13,38;27200;9278564532;33734850
307;2025-07-30 01:13:26;dapps;674820;907732;0.5119993092128988;40,6;12,75;27197;9279524122;33735916
308;2025-07-30 01:14:27;dapps;675522;907733;0.5132129756592041;38,1;13,16;27296;9280745365;33739361
309;2025-07-30 01:15:27;dapps;676234;907733;0.5142958425289292;31,3;12,91;27329;9281442781;33740014
310;2025-07-30 01:16:32;dapps;676917;907733;0.515366533741238;38,1;12,93;27217;9282404142;33741153
311;2025-07-30 01:17:32;dapps;677577;907734;0.5165262812443524;40,3;14,10;27504;9283582898;33744370
312;2025-07-30 01:18:32;dapps;678322;907734;0.5177186483869237;36,5;12,91;27135;9284277783;33744953
313;2025-07-30 01:19:33;dapps;678957;907734;0.5187519545368696;39,1;12,81;27359;9285490838;33748291
314;2025-07-30 01:20:34;dapps;679776;907734;0.5201987537094177;39,1;12,94;27310;9286232059;33749058
315;2025-07-30 01:21:34;dapps;680450;907734;0.5213744225839917;40;12,51;27590;9287207178;33749985
316;2025-07-30 01:22:34;dapps;681053;907734;0.5223333511172227;41,3;12,96;27302;9288037108;33751081
317;2025-07-30 01:23:38;dapps;681806;907734;0.5233986937258173;35,5;12,74;27614;9289036649;33753762
318;2025-07-30 01:24:40;dapps;682507;907735;0.5244263135600321;39,1;13,12;27376;9290106156;33756709
319;2025-07-30 01:25:41;dapps;683235;907735;0.5253952838846013;40,6;12,88;27476;9290991250;33760698
320;2025-07-30 01:26:46;dapps;683962;907735;0.5264741855071224;36,5;12,89;27518;9292119911;33762479
321;2025-07-30 01:27:47;dapps;684626;907736;0.5275813186011161;33,3;12,94;27142;9292895088;33763488
322;2025-07-30 01:28:47;dapps;685340;907736;0.5286627482390702;35,5;12,89;27491;9293851429;33764554
323;2025-07-30 01:29:48;dapps;686035;907736;0.5295313283593439;34,9;13,12;27449;9294879845;33766604
324;2025-07-30 01:30:48;dapps;686867;907736;0.5306289041276689;37,1;12,85;27404;9296008317;33768121
325;2025-07-30 01:31:48;dapps;687454;907736;0.5314914326128616;37,1;12,82;27760;9296969739;33770036
326;2025-07-30 01:32:49;dapps;688280;907736;0.5327176536924474;37,5;12,93;27191;9297656825;33770841
327;2025-07-30 01:33:49;dapps;688829;907736;0.5336641882633349;36,9;13,14;27624;9298904942;33773450
328;2025-07-30 01:34:50;dapps;689622;907736;0.535045686804287;38,7;13,71;27397;9299683740;33774330
329;2025-07-30 01:35:50;dapps;690366;907736;0.5360756319598693;39,1;12,71;27406;9300565209;33775684
330;2025-07-30 01:36:50;dapps;691406;907736;0.5373298262547925;36,5;13,95;27260;9301532890;33777507
331;2025-07-30 01:37:50;dapps;692302;907736;0.538425654976261;37,5;13,24;27275;9302449910;33778768
332;2025-07-30 01:38:51;dapps;693262;907736;0.5396061120496191;36,5;13,49;27213;9303410344;33780039
333;2025-07-30 01:39:51;dapps;694238;907736;0.5407929386999107;39,7;13,27;27425;9304518180;33782205
334;2025-07-30 01:40:51;dapps;695214;907736;0.5419752696519945;35,5;13,25;27227;9305322083;33783772
335;2025-07-30 01:41:51;dapps;696166;907736;0.5431492002059666;37,5;12,90;27542;9306317945;33786698
336;2025-07-30 01:42:52;dapps;696918;907736;0.54413685062074;35,5;12,77;27405;9307145393;33787564
337;2025-07-30 01:43:53;dapps;697970;907736;0.5454526166802459;36,5;13,98;27284;9308266553;33789058
338;2025-07-30 01:44:59;dapps;698765;907736;0.546620731043911;33,9;13,77;27133;9309118059;33790670
339;2025-07-30 01:46:00;dapps;699727;907736;0.5479077749017836;36,5;13,13;27432;9310141063;33792933
340;2025-07-30 01:47:01;dapps;700630;907736;0.5491195552678881;37,1;13,45;27261;9311109201;33794053
341;2025-07-30 01:48:02;dapps;701433;907736;0.5502101846284612;33,9;13,17;27160;9312053141;33796092
342;2025-07-30 01:49:02;dapps;702230;907737;0.5513719411598362;37,1;12,55;27734;9313407240;33800577
343;2025-07-30 01:50:03;dapps;703091;907737;0.5526000036520751;39,7;12,82;27709;9314148272;33802579
344;2025-07-30 01:51:04;dapps;703969;907737;0.5538561272954563;37,5;13,90;27152;9314960836;33803364
345;2025-07-30 01:52:04;dapps;704648;907737;0.554850330047173;38,7;14,27;27478;9316066165;33805006
346;2025-07-30 01:53:10;dapps;705531;907737;0.5561861991944641;37,1;12,82;27558;9317191948;33810359
347;2025-07-30 01:54:11;dapps;706333;907737;0.5574630688922882;36,5;13,18;27397;9318095860;33811490
348;2025-07-30 01:55:12;dapps;707194;907737;0.5586825862117805;39,1;13,17;27428;9318871997;33812358
349;2025-07-30 01:56:13;dapps;708029;907737;0.5598962803282703;38,1;13,16;27696;9320034951;33816182
350;2025-07-30 01:57:14;dapps;708915;907737;0.5612300995879034;35,5;12,93;27572;9320939917;33818523
351;2025-07-30 01:58:20;dapps;709699;907737;0.5624037318338598;36,5;13,51;27271;9321871282;33819486
352;2025-07-30 01:59:22;dapps;710447;907737;0.5635874981692451;36,5;12,98;27576;9323021676;33821628
353;2025-07-30 02:00:23;dapps;711364;907737;0.5650635492349304;35,5;12,68;27498;9323953056;33823055
354;2025-07-30 02:01:23;dapps;712210;907737;0.5664118338643431;34,9;12,83;27404;9324990599;33825097
355;2025-07-30 02:02:24;dapps;712926;907737;0.5673832940004767;37,1;12,95;27295;9325928721;33826317
356;2025-07-30 02:03:29;dapps;713776;907737;0.5685554915285841;35,9;12,98;27248;9326780192;33828314
357;2025-07-30 02:04:29;dapps;714605;907737;0.5698384225705272;39,1;12,77;27589;9327793761;33829275
358;2025-07-30 02:05:29;dapps;715391;907737;0.5709767569551386;38,1;13,37;27815;9329106259;33831897
359;2025-07-30 02:06:30;dapps;716221;907737;0.5721393848154797;38,1;12,76;27300;9329706199;33832549
360;2025-07-30 02:07:35;dapps;717121;907737;0.5733150752954327;37,1;13,73;27280;9330730573;33835384
361;2025-07-30 02:08:36;dapps;717785;907738;0.5742922551842349;39,1;12,91;27918;9332088617;33839050
362;2025-07-30 02:09:36;dapps;718854;907738;0.575757618228571;36,5;12,97;27506;9332769591;33840352
363;2025-07-30 02:10:45;dapps;719747;907738;0.5769101936733073;22,2;13,41;27607;9334067989;33844391
364;2025-07-30 02:11:45;dapps;720612;907738;0.5782018333386351;36,5;12,76;27711;9334881819;33845439
365;2025-07-30 02:12:45;dapps;721468;907738;0.5793738679789803;43,8;13,28;27474;9335761208;33849055
366;2025-07-30 02:13:49;dapps;722095;907738;0.5803114482166214;34,9;13,12;27975;9336880039;33854397
367;2025-07-30 02:14:49;dapps;722840;907738;0.58143488059641;39,7;13,05;27799;9337626110;33855076
368;2025-07-30 02:15:49;dapps;723532;907738;0.5822401479621069;38,1;13,73;27661;9338482113;33856226
369;2025-07-30 02:16:50;dapps;724462;907738;0.5835075799811205;38,1;12,73;27581;9339408068;33857323
370;2025-07-30 02:17:52;dapps;725317;907738;0.5847366618603438;40;13,03;27382;9340399103;33858230
371;2025-07-30 02:18:52;dapps;726011;907739;0.5857978541514915;38,1;12,75;27576;9341427528;33859422
372;2025-07-30 02:19:52;dapps;726842;907739;0.5869969083018646;39,7;13,58;27406;9342371335;33860357
373;2025-07-30 02:20:54;dapps;727668;907739;0.5881430339679871;35,5;13,01;27361;9343288908;33861722
374;2025-07-30 02:21:54;dapps;728541;907739;0.5893016964904474;37,1;13,75;27613;9344245369;33863195
375;2025-07-30 02:22:55;dapps;729397;907739;0.5905337636561685;38,1;13,10;27501;9345296240;33864364
376;2025-07-30 02:23:55;dapps;730128;907739;0.5917188553024388;35,9;13,29;27464;9346224030;33865379
377;2025-07-30 02:24:56;dapps;730958;907739;0.5929243249119895;36,5;13,03;27678;9347203074;33866669
378;2025-07-30 02:25:56;dapps;731759;907739;0.594130434160643;38,1;13,78;27665;9348158143;33867654
379;2025-07-30 02:26:56;dapps;732460;907739;0.5950625629448288;35,9;13,07;27860;9349236232;33871520
380;2025-07-30 02:27:57;dapps;733406;907740;0.5963872779287858;39,1;12,92;27678;9350126337;33872552
381;2025-07-30 02:29:00;dapps;734196;907740;0.5975799524137273;36,1;12,82;27546;9351004192;33873921
382;2025-07-30 02:30:01;dapps;735054;907740;0.598762199325841;38,5;13,28;27697;9351961549;33875014
383;2025-07-30 02:31:01;dapps;735813;907740;0.5998768722958837;37,5;13,33;27510;9352901633;33875596
384;2025-07-30 02:32:01;dapps;736479;907740;0.6009089171742391;38,1;12,91;27767;9353812265;33876166
385;2025-07-30 02:33:01;dapps;737203;907740;0.6020445054384546;36,5;12,81;27606;9354840590;33876931
386;2025-07-30 02:34:02;dapps;738003;907740;0.6032209743308533;38,5;13,10;27527;9355817310;33877582
387;2025-07-30 02:35:02;dapps;738886;907740;0.6044940630875761;37,5;12,81;27797;9356905570;33878302
388;2025-07-30 02:36:03;dapps;739731;907740;0.605687060963858;40;13,51;27636;9357910742;33878988
389;2025-07-30 02:37:03;dapps;740569;907740;0.6068313875337905;36,5;13,78;27632;9358841366;33879678
390;2025-07-30 02:38:04;dapps;741299;907741;0.6080156701015961;36,5;13,41;27653;9359859887;33880391
391;2025-07-30 02:39:04;dapps;742065;907741;0.6090912342670685;35,5;13,36;27501;9360733433;33881028
392;2025-07-30 02:40:04;dapps;742813;907741;0.6101085942348841;35,9;13,23;27764;9361673618;33881768
393;2025-07-30 02:41:05;dapps;743671;907742;0.611304033953021;37,1;12,93;27658;9362651659;33882512
394;2025-07-30 02:42:07;dapps;744329;907743;0.6123245862330384;36,5;13,97;28315;9364227444;33888664
395;2025-07-30 02:43:08;dapps;745260;907743;0.6136765408566892;38,1;12,56;27905;9364640520;33889226
396;2025-07-30 02:44:08;dapps;746036;907743;0.6148823939125846;38,1;13,44;27693;9365630200;33889913
397;2025-07-30 02:45:08;dapps;746862;907744;0.6159685724340604;36,5;13,47;27891;9366693757;33890671
398;2025-07-30 02:46:08;dapps;747542;907745;0.6169661654445788;36,1;12,20;28427;9367921337;33894944
399;2025-07-30 02:47:25;dapps;748738;907745;0.6186455848707104;35,9;12,30;27912;9368723794;33899413
400;2025-07-30 02:48:25;dapps;749568;907746;0.6198291026674219;36,5;13,02;27657;9369757005;33900567
401;2025-07-30 02:49:26;dapps;750402;907746;0.6210273484323181;35,5;13,24;27807;9370786938;33901323
402;2025-07-30 02:50:29;dapps;751268;907746;0.6221551989163662;36,5;13,05;27676;9371736145;33902022
403;2025-07-30 02:51:50;dapps;752443;907746;0.6237903566810115;38,1;12,59;28061;9373118958;33909487
404;2025-07-30 02:52:50;dapps;753275;907747;0.6249239798641203;21;13,56;27668;9374167521;33910656
405;2025-07-30 02:53:51;dapps;754107;907747;0.6260894997876592;37,5;13,40;27693;9375129507;33912038
406;2025-07-30 02:54:51;dapps;754987;907747;0.6273370369662873;38,1;12,90;27784;9376172045;33912858
407;2025-07-30 02:55:51;dapps;755766;907747;0.6284402534972512;38,1;12,75;27963;9377094055;33913572
408;2025-07-30 02:56:52;dapps;756671;907747;0.6297202150021839;38,1;13,08;27833;9378155637;33914461
409;2025-07-30 02:57:53;dapps;757552;907747;0.6309011531136509;38,1;13,76;27775;9379196951;33915744
410;2025-07-30 02:58:59;dapps;758513;907747;0.6321743453671167;34,9;13,60;27815;9380197803;33919317
411;2025-07-30 02:59:59;dapps;759319;907747;0.6332854001510493;37,5;13,35;27882;9381154255;33920132
412;2025-07-30 03:00:59;dapps;760136;907747;0.6344381639016057;36,5;12,74;27985;9382133885;33921087
413;2025-07-30 03:02:02;dapps;760952;907747;0.6356764115336528;32,3;12,86;27757;9383146519;33922018
414;2025-07-30 03:03:03;dapps;761794;907747;0.63698671972423;20,6;14,38;27703;9384206868;33922910
415;2025-07-30 03:04:03;dapps;762581;907747;0.638132276118682;36,5;12,81;27911;9385147763;33923643
416;2025-07-30 03:05:04;dapps;763339;907747;0.6392842098100779;33,9;12,72;27936;9386128844;33924449
417;2025-07-30 03:06:04;dapps;763927;907747;0.640179073771912;38,1;13,47;27913;9386953942;33925049
418;2025-07-30 03:07:05;dapps;764557;907747;0.6411527349995799;35,5;12,90;28165;9387900881;33925796
419;2025-07-30 03:08:05;dapps;765315;907747;0.6423300497033094;34,9;13,24;27856;9388944080;33926766
420;2025-07-30 03:09:06;dapps;766002;907747;0.6434207259186868;35,9;12,99;27831;9389836053;33927452
421;2025-07-30 03:10:06;dapps;766779;907747;0.644499078459748;36,5;12,89;27794;9390738342;33928181
422;2025-07-30 03:11:07;dapps;767673;907747;0.6457855859558238;36,5;14,16;27751;9391790693;33929194
423;2025-07-30 03:12:08;dapps;768442;907747;0.6469604065567953;39,1;13,03;27906;9392760273;33929885
424;2025-07-30 03:13:10;dapps;769197;907747;0.6481352102411748;41,3;12,86;27968;9393693276;33930635
425;2025-07-30 03:14:10;dapps;770110;907747;0.6493461278444962;39,7;12,83;27767;9394722759;33931320
426;2025-07-30 03:15:11;dapps;770868;907747;0.6504003769200783;36,5;14,21;27776;9395584435;33932011
427;2025-07-30 03:16:12;dapps;771676;907747;0.6516156296368656;34,9;13,16;28078;9396614597;33932833
428;2025-07-30 03:17:12;dapps;772452;907747;0.6528103260538073;36,5;12,93;27778;9397513885;33934439
429;2025-07-30 03:18:19;dapps;773260;907747;0.654134544874633;36,5;12,91;27773;9398522971;33935258
430;2025-07-30 03:19:19;dapps;774241;907747;0.655618252198149;38,7;12,84;27798;9399602695;33936141
431;2025-07-30 03:20:19;dapps;774897;907747;0.6569054562798836;36,5;12,88;28116;9400585454;33937011
432;2025-07-30 03:21:20;dapps;775640;907747;0.6581748072680225;36,5;13,27;27955;9402056020;33938969
433;2025-07-30 03:22:20;dapps;776222;907747;0.6591137870831902;34,9;12,88;28192;9403426491;33941505
434;2025-07-30 03:23:20;dapps;776895;907748;0.6601816776632076;34,9;12,77;27969;9404921952;33944206
435;2025-07-30 03:24:21;dapps;777570;907749;0.6611374558829297;38,1;13,12;28105;9406406092;33946547
436;2025-07-30 03:25:21;dapps;778178;907749;0.6620854515119664;31,7;14,23;27904;9407623054;33948778
437;2025-07-30 03:26:22;dapps;778780;907749;0.6631169912335693;36,5;13,84;27911;9408769622;33949924
438;2025-07-30 03:27:22;dapps;779464;907750;0.6643058196350153;39,1;13,80;28091;9410205510;33951438
439;2025-07-30 03:28:23;dapps;780123;907750;0.6655386561729856;35,5;14,04;27923;9411488355;33953127
440;2025-07-30 03:29:24;dapps;780767;907750;0.666576301887857;36,5;13,49;28299;9412905488;33957516
441;2025-07-30 03:30:24;dapps;781327;907750;0.6676125198170354;36,5;13,35;28122;9414118580;33960529
442;2025-07-30 03:31:25;dapps;782048;907750;0.6688098750766567;40;12,97;27912;9415614583;33962886
443;2025-07-30 03:32:26;dapps;782703;907750;0.6697736929713448;37,1;13,11;28070;9417138150;33964968
444;2025-07-30 03:33:26;dapps;783385;907750;0.6710046581390335;39,7;13,55;27987;9418474990;33966676
445;2025-07-30 03:34:27;dapps;784023;907750;0.6722643626035915;41,5;12,93;28117;9419659687;33967690
446;2025-07-30 03:35:28;dapps;784637;907750;0.6734147843021708;39,7;13,31;28125;9420907883;33969437
447;2025-07-30 03:36:28;dapps;785200;907750;0.6744599025287323;39,7;12,98;27990;9421914022;33970284
448;2025-07-30 03:37:29;dapps;785796;907750;0.6754303365085036;36,5;13,07;28015;9423023877;33971242
449;2025-07-30 03:38:33;dapps;786369;907750;0.6764356056713253;39,1;13,48;28214;9424060149;33972328
450;2025-07-30 03:39:33;dapps;787011;907750;0.6778449442260605;37,1;12,99;28096;9425152285;33973186
451;2025-07-30 03:40:33;dapps;787386;907750;0.6788553252812575;21;12,64;28972;9426765713;33976102
452;2025-07-30 03:41:40;dapps;788145;907750;0.6811119838864659;35,5;12,87;28919;9427519156;33978825
453;2025-07-30 03:42:40;dapps;788827;907752;0.6832763838902713;37,1;12,89;28443;9428174741;33979609
454;2025-07-30 03:43:40;dapps;789284;907752;0.6847365014200455;38,1;12,75;28486;9428952651;33980246
455;2025-07-30 03:44:47;dapps;789832;907752;0.6863906300973187;33,3;13,52;28178;9429921107;33980876
456;2025-07-30 03:45:47;dapps;790381;907752;0.6880021196276433;35,4;14,84;28248;9430856426;33981471
457;2025-07-30 03:46:47;dapps;790879;907752;0.6893616533128374;40,3;12,89;28539;9431762623;33982071
458;2025-07-30 03:47:48;dapps;791366;907752;0.690628764187165;37,1;13,02;29016;9432648861;33982639
459;2025-07-30 03:48:48;dapps;791863;907752;0.6919481681426505;39,1;13,11;28630;9433515310;33983214
460;2025-07-30 03:49:49;dapps;792373;907752;0.6932861418812312;35,9;13,42;28537;9434387528;33984026
461;2025-07-30 03:50:49;dapps;792918;907752;0.6944817631095987;35,5;12,80;28895;9435329632;33984793
462;2025-07-30 03:51:52;dapps;793414;907752;0.6956971256757936;36,5;13,17;28687;9436164624;33985390
463;2025-07-30 03:52:52;dapps;793970;907752;0.6967851469179409;35,5;13,23;28916;9437225741;33986693
464;2025-07-30 03:53:53;dapps;794543;907752;0.6980502119550916;37,1;13,07;28782;9438204182;33987474
465;2025-07-30 03:54:53;dapps;795034;907752;0.6993272524054571;35,9;13,76;29101;9439108057;33988226
466;2025-07-30 03:55:54;dapps;795543;907752;0.7005920222863171;39,7;13,30;28960;9439976645;33988785
467;2025-07-30 03:56:54;dapps;796055;907752;0.7016935551440978;34,4;14,36;29003;9440898635;33989492
468;2025-07-30 03:57:56;dapps;796539;907752;0.7029002823422184;35,9;12,84;29413;9441727601;33990058
469;2025-07-30 03:58:58;dapps;797022;907752;0.7037892425432033;40,6;13,13;29048;9442602670;33991065
470;2025-07-30 03:59:58;dapps;797583;907752;0.7051408251119615;39,1;13,25;29170;9443562443;33991815
471;2025-07-30 04:00:59;dapps;798097;907752;0.7065408161036915;36,5;13,26;29440;9444493559;33992859
472;2025-07-30 04:01:59;dapps;798595;907752;0.7078314203237813;36,5;13,24;29300;9445336080;33993440
473;2025-07-30 04:03:01;dapps;799138;907753;0.7093598407920811;36,5;13,22;29585;9446259925;33994123
474;2025-07-30 04:04:02;dapps;799649;907753;0.7107410603558388;36,5;12,95;29535;9447127786;33994741
475;2025-07-30 04:05:02;dapps;800144;907753;0.7120207810158791;36,5;12,90;29701;9447973167;33995338
476;2025-07-30 04:06:02;dapps;800662;907753;0.7133761006467689;37,1;13,21;29484;9448868775;33996084
477;2025-07-30 04:07:03;dapps;801212;907753;0.7148743171686064;36,5;13,47;29741;9449801445;33996705
478;2025-07-30 04:08:04;dapps;801717;907753;0.7160190069666976;35,5;12,93;29660;9450645736;33997380
479;2025-07-30 04:09:04;dapps;802242;907753;0.7174194156894577;38,1;13,98;29753;9451551089;33998328
480;2025-07-30 04:10:04;dapps;802808;907753;0.7188230314539341;36,5;13,09;29790;9452468473;33999045
481;2025-07-30 04:11:05;dapps;803308;907753;0.7202800516346561;38,1;13,27;29754;9453335806;33999707
482;2025-07-30 04:12:05;dapps;803844;907753;0.7216568868837551;43,5;13,90;29963;9454233642;34000414
483;2025-07-30 04:13:06;dapps;804388;907753;0.7232670219558883;37,5;13,82;30143;9455192055;34001142
484;2025-07-30 04:14:06;dapps;804906;907753;0.7245243117968895;36,5;13,07;29923;9456051468;34001666
485;2025-07-30 04:15:06;dapps;805443;907753;0.7259609125315392;45,2;12,99;30287;9456949353;34002218
486;2025-07-30 04:16:06;dapps;805969;907753;0.7273051190140563;37,5;13,25;30175;9457849364;34002804
487;2025-07-30 04:17:07;dapps;806533;907753;0.7290470432161409;35,5;13,00;30156;9458775706;34003683
488;2025-07-30 04:18:07;dapps;807062;907753;0.7306519353821735;36,5;13,38;30254;9459668744;34004390
489;2025-07-30 04:19:07;dapps;807598;907753;0.7320761924397285;37,5;13,48;30571;9460552140;34005055
490;2025-07-30 04:20:08;dapps;808117;907753;0.7336835207647219;20,6;13,04;30383;9461456020;34005749
491;2025-07-30 04:21:10;dapps;808641;907753;0.7353367765759383;36,5;13,26;30499;9462366476;34006393
492;2025-07-30 04:22:10;dapps;809173;907753;0.7368594464982481;27,4;13,10;30468;9463253517;34006996
493;2025-07-30 04:23:10;dapps;809679;907753;0.7377731755279998;37,1;12,93;30582;9464148444;34007547
494;2025-07-30 04:24:11;dapps;810190;907753;0.7386928810226535;38,1;13,16;30970;9465044301;34008317
495;2025-07-30 04:25:12;dapps;810654;907753;0.7394937787737346;34,9;13,55;30706;9465901964;34008947
496;2025-07-30 04:26:12;dapps;811165;907753;0.7402610586546052;36,5;13,20;31088;9466711463;34009533
497;2025-07-30 04:27:13;dapps;811585;907753;0.7408600300049907;36,5;13,05;31051;9467501992;34010187
498;2025-07-30 04:28:13;dapps;812118;907753;0.7416268571869029;37,5;13,76;31016;9468296553;34010686
499;2025-07-30 04:29:14;dapps;812518;907753;0.7422181744312015;35,9;13,57;30987;9469026605;34011189
500;2025-07-30 04:30:16;dapps;813063;907753;0.7430761324284899;34,4;14,24;30817;9469943385;34011795
501;2025-07-30 04:31:16;dapps;813570;907753;0.7438493927354852;36,5;13,30;31035;9470812660;34012398
502;2025-07-30 04:32:16;dapps;814135;907753;0.7452416601045317;35,4;13,09;30907;9471741585;34012981
503;2025-07-30 04:33:17;dapps;814665;907753;0.7466092036552797;36,5;13,56;30951;9472667000;34013634
504;2025-07-30 04:34:18;dapps;815152;907753;0.747802134243157;37,5;13,04;30581;9473465924;34014120
505;2025-07-30 04:35:21;dapps;815652;907753;0.7494026344188285;36,5;13,43;30725;9474332453;34014774
506;2025-07-30 04:36:21;dapps;816117;907753;0.7508110816563177;35,9;13,09;30981;9475097929;34015364
507;2025-07-30 04:37:21;dapps;816591;907753;0.7523731567983534;35,5;13,15;31049;9475920541;34016135
508;2025-07-30 04:38:22;dapps;817037;907753;0.7537648057338693;37,1;13,78;30772;9476675420;34016819
509;2025-07-30 04:39:24;dapps;817493;907754;0.7552598978786879;36,5;13,75;30754;9477448209;34017429
510;2025-07-30 04:40:25;dapps;817962;907754;0.7566957001024792;39,1;13,07;30928;9478282539;34018116
511;2025-07-30 04:41:25;dapps;818443;907755;0.7582009059962369;39,7;13,06;30985;9479136536;34018846
512;2025-07-30 04:42:26;dapps;818952;907755;0.7596622804931681;38,1;13,01;31021;9480039909;34019578
513;2025-07-30 04:43:27;dapps;819422;907755;0.7608208058217558;37,5;12,89;31132;9480890560;34020522
514;2025-07-30 04:44:28;dapps;819887;907755;0.7622999255388333;35,5;13,19;31424;9481697138;34021242
515;2025-07-30 04:45:28;dapps;820325;907755;0.7634837256661978;39,7;13,75;31342;9482420756;34021756
516;2025-07-30 04:46:28;dapps;820819;907755;0.7649491376964432;35,5;13,13;31583;9483304257;34022430
517;2025-07-30 04:47:29;dapps;821250;907755;0.7663301187073627;35,9;13,10;31459;9483994561;34022847
518;2025-07-30 04:48:30;dapps;821732;907755;0.7679332490847807;36,5;13,12;31526;9484801077;34023379
519;2025-07-30 04:49:31;dapps;822138;907755;0.7692455669037067;36,5;13,08;31624;9485504031;34023917
520;2025-07-30 04:50:31;dapps;822631;907756;0.770801389045624;37,1;13,93;31793;9486371455;34024673
521;2025-07-30 04:51:35;dapps;823120;907756;0.7724212338161763;20,3;13,19;31943;9487270123;34025965
522;2025-07-30 04:52:36;dapps;823568;907756;0.7737991463407948;20,6;13,12;31982;9488027334;34026971
523;2025-07-30 04:53:36;dapps;823976;907756;0.7752229287792753;37,9;13,13;32241;9488722324;34028022
524;2025-07-30 04:54:37;dapps;824313;907756;0.7760323539135114;37,1;13,10;32232;9489331844;34029160
525;2025-07-30 04:55:37;dapps;824687;907756;0.7769223354986953;35,9;13,21;32338;9490021631;34029921
526;2025-07-30 04:56:39;dapps;825117;907757;0.778012456458401;36,9;13,20;32622;9490777430;34030571
527;2025-07-30 04:57:40;dapps;825571;907757;0.7789516224618191;36,9;13,00;32385;9491548314;34031239
528;2025-07-30 04:58:40;dapps;826024;907757;0.7805142994699592;34,9;13,15;32441;9492350776;34031857
529;2025-07-30 04:59:45;dapps;826506;907757;0.7819090712017084;20;13,39;32624;9493196553;34033156
530;2025-07-30 05:00:45;dapps;826902;907757;0.7831008642648237;35,9;13,25;32763;9493889088;34033996
531;2025-07-30 05:01:46;dapps;827308;907757;0.7838404617508749;36,5;13,36;32743;9494578053;34034541
532;2025-07-30 05:02:46;dapps;827729;907757;0.7849278937747456;35,5;13,96;32685;9495287740;34035050
533;2025-07-30 05:03:48;dapps;828193;907757;0.7863580936475393;36,5;13,08;33091;9496112931;34035595
534;2025-07-30 05:04:52;dapps;828612;907757;0.78729598451654;53,1;13,16;33034;9496847811;34036684
535;2025-07-30 05:05:56;dapps;829041;907757;0.7881634363053949;33,9;13,17;32872;9497535132;34037286
536;2025-07-30 05:06:56;dapps;829518;907758;0.7889854751643054;36,5;13,19;32907;9498251919;34037923
537;2025-07-30 05:07:57;dapps;829929;907758;0.7897712898485697;35,5;13,31;33279;9498930159;34038586
538;2025-07-30 05:08:57;dapps;830370;907758;0.7905833070760626;25,8;13,45;33191;9499873904;34041184
539;2025-07-30 05:09:57;dapps;830849;907758;0.7914357718965667;37,1;13,08;33409;9500740729;34041793
540;2025-07-30 05:10:59;dapps;831295;907759;0.7924187679866674;36,5;13,37;33134;9501548321;34042409
541;2025-07-30 05:11:59;dapps;831794;907759;0.7935011882121048;36,5;13,03;33261;9502456778;34043068
542;2025-07-30 05:13:00;dapps;832242;907759;0.7944431111589171;40,6;13,02;33436;9503263239;34043618
543;2025-07-30 05:14:00;dapps;832736;907759;0.7956209322716966;37,5;13,20;33499;9504131560;34044297
544;2025-07-30 05:15:01;dapps;833185;907759;0.7965882082530319;37,1;13,24;33639;9504970952;34044893
545;2025-07-30 05:16:02;dapps;833650;907759;0.7975647422662373;39,1;13,32;33759;9505806554;34045511
546;2025-07-30 05:17:02;dapps;834132;907759;0.7985425907270416;38,1;13,24;33601;9506645519;34045979
547;2025-07-30 05:18:02;dapps;834558;907759;0.7993855365675308;35,9;13,13;33798;9507411616;34046494
548;2025-07-30 05:19:03;dapps;835018;907759;0.8002909618096404;37,5;13,28;33598;9508202725;34047065
549;2025-07-30 05:20:03;dapps;835469;907759;0.8013155861196678;39,1;13,22;33625;9509021819;34047605
550;2025-07-30 05:21:04;dapps;835923;907759;0.802251239325469;37,5;13,17;33879;9509839067;34048516
551;2025-07-30 05:22:04;dapps;836408;907759;0.8031209648065323;39,7;13,06;33634;9510767558;34049309
552;2025-07-30 05:23:07;dapps;836876;907760;0.8041942875301332;36,5;13,96;33632;9511609567;34049842
553;2025-07-30 05:24:08;dapps;837360;907760;0.8052037483392531;39,1;13,36;33858;9512609643;34051386
554;2025-07-30 05:25:08;dapps;837836;907760;0.8061450081864396;36,5;13,37;33779;9513444994;34052085
555;2025-07-30 05:26:09;dapps;838285;907760;0.8072246083069409;39,1;13,59;33780;9514308488;34052740
556;2025-07-30 05:27:10;dapps;838763;907762;0.8085142395756649;37,5;13,27;33931;9515168271;34053490
557;2025-07-30 05:28:11;dapps;839250;907762;0.8097649234935118;34,9;13,42;34193;9516082667;34054216
558;2025-07-30 05:29:11;dapps;839738;907762;0.8109680696498022;34,9;13,17;34111;9517039149;34054975
559;2025-07-30 05:30:12;dapps;840214;907762;0.8123935959297718;37,5;13,09;33998;9517845495;34055542
560;2025-07-30 05:31:13;dapps;840744;907762;0.8144004047533338;37,5;13,47;34408;9518649117;34056141
561;2025-07-30 05:32:13;dapps;841207;907763;0.8157048973033474;35,5;13,34;34483;9519397735;34056708
562;2025-07-30 05:33:14;dapps;841597;907763;0.8167807773294089;33,9;13,78;34104;9520054600;34057556
563;2025-07-30 05:34:15;dapps;841982;907763;0.8179227974647477;38,1;12,77;34257;9520680393;34058218
564;2025-07-30 05:35:17;dapps;842406;907763;0.8194425469407235;34,9;12,78;34414;9521332440;34058781
565;2025-07-30 05:36:17;dapps;842856;907763;0.8208229135690935;36,5;13,18;34334;9522160196;34059510
566;2025-07-30 05:37:18;dapps;843327;907763;0.8224873431556192;42,2;12,85;34825;9522909461;34060129
567;2025-07-30 05:38:18;dapps;843684;907763;0.8234523909093269;34,9;13,28;34609;9523517415;34061155
568;2025-07-30 05:39:23;dapps;844076;907764;0.8245506364066737;37,5;11,96;34339;9524128781;34061850
569;2025-07-30 05:40:25;dapps;844514;907764;0.8260196610176507;35,5;12,02;34670;9524873200;34062517
570;2025-07-30 05:41:26;dapps;844995;907764;0.8277106388700206;33,9;12,08;34515;9525672837;34063770
571;2025-07-30 05:42:33;dapps;845419;907764;0.8294402669537122;34,9;12,08;34550;9526375725;34064463
572;2025-07-30 05:43:33;dapps;845843;907764;0.8310496287712055;36,5;12,98;34580;9527036686;34065194
573;2025-07-30 05:44:34;dapps;846271;907764;0.8328378684245589;34,9;12,27;34612;9527691257;34065874
574;2025-07-30 05:45:34;dapps;846653;907764;0.8343163219660631;34,9;12,42;34681;9528305126;34066581
575;2025-07-30 05:46:35;dapps;847055;907765;0.8353011088693573;35,5;12,30;34812;9528894659;34067321
576;2025-07-30 05:47:35;dapps;847444;907765;0.836805127035783;54,7;12,11;34923;9529509697;34068108
577;2025-07-30 05:48:36;dapps;847804;907765;0.8381406138831702;35,5;12,12;34811;9530073814;34068793
578;2025-07-30 05:49:36;dapps;848186;907765;0.8393133687160685;34,9;12,49;34754;9530660420;34069282
579;2025-07-30 05:50:37;dapps;848551;907765;0.8403749100548834;38,1;13,10;34685;9531247373;34070293
580;2025-07-30 05:51:38;dapps;848905;907765;0.8416257781323011;35,9;12,17;35246;9531844597;34071034
581;2025-07-30 05:52:39;dapps;849271;907765;0.8429363396381926;42,9;12,46;35413;9532445736;34071471
582;2025-07-30 05:53:39;dapps;849595;907766;0.8439834463422725;37,7;12,35;35298;9532975370;34071807
583;2025-07-30 05:54:45;dapps;849850;907766;0.844749070096902;68,3;12,48;35030;9533412108;34072564
584;2025-07-30 05:55:46;dapps;850179;907766;0.8459417522226419;35,5;12,19;35080;9533954252;34073316
585;2025-07-30 05:56:47;dapps;850505;907766;0.8470568796554974;34,9;12,06;35247;9534495857;34073850
586;2025-07-30 05:57:48;dapps;850860;907766;0.8481486247562163;35,5;12,49;35053;9535070271;34074636
587;2025-07-30 05:58:48;dapps;851155;907766;0.8491925845088724;33,9;12,43;35128;9535533921;34075096
588;2025-07-30 05:59:48;dapps;851438;907766;0.8501242844192894;36,5;12,35;35071;9535989634;34075544
589;2025-07-30 06:00:49;dapps;851753;907766;0.8513004606636378;35,5;12,22;35741;9536505017;34076496
590;2025-07-30 06:01:49;dapps;852077;907766;0.8525236414800527;38,1;12,07;35604;9537004473;34077338
591;2025-07-30 06:02:50;dapps;852305;907766;0.8531755643432537;37,1;12,10;35303;9537412943;34078051
592;2025-07-30 06:03:50;dapps;852608;907766;0.8541057999575129;35,9;12,00;35106;9537896783;34078562
593;2025-07-30 06:04:51;dapps;852888;907766;0.8548918957247401;37,1;11,97;35455;9538377385;34078922
594;2025-07-30 06:05:51;dapps;853156;907766;0.8557977349626192;36,9;11,54;35439;9538819764;34079291
595;2025-07-30 06:06:52;dapps;853459;907766;0.8569640537583659;30,2;13,33;35057;9539298438;34079804
596;2025-07-30 06:07:52;dapps;853760;907766;0.8581084142728488;37,5;11,91;35509;9539779917;34080417
597;2025-07-30 06:08:54;dapps;854005;907766;0.8589331559227634;35,9;12,55;35630;9540188852;34081252
598;2025-07-30 06:09:55;dapps;854198;907766;0.8593403601269064;36,5;12,07;35159;9540552329;34081978
599;2025-07-30 06:10:55;dapps;854505;907767;0.8605379651330665;31,2;12,25;35109;9541063834;34082880
600;2025-07-30 06:12:01;dapps;854820;907768;0.8616823083154547;33,3;12,94;35252;9541601661;34083649
601;2025-07-30 06:13:07;dapps;855125;907768;0.8625833041551252;37,1;11,83;35745;9542128523;34084373
602;2025-07-30 06:14:07;dapps;855416;907768;0.8634589016604132;39,1;12,36;35327;9542588498;34085134
603;2025-07-30 06:15:09;dapps;855627;907768;0.8640472433144052;35,9;11,70;35695;9542956053;34085707
604;2025-07-30 06:16:16;dapps;855896;907768;0.8648228014252238;34,9;11,74;35652;9543379783;34086492
605;2025-07-30 06:17:17;dapps;856199;907768;0.8657103249019664;34,9;11,88;35935;9543929062;34087216
606;2025-07-30 06:18:18;dapps;856456;907768;0.8665638583855544;37,1;12,16;35396;9544317188;34087838
607;2025-07-30 06:19:18;dapps;856673;907768;0.8671699358732603;41,3;12,28;35791;9544698596;34088469
608;2025-07-30 06:20:19;dapps;856964;907768;0.868122895505683;37,1;11,90;35495;9545172935;34089124
609;2025-07-30 06:21:26;dapps;857322;907768;0.8694673802450311;34,9;12,13;35573;9545766446;34090096
610;2025-07-30 06:22:27;dapps;857643;907768;0.8706728280168283;38,7;12,14;35716;9546293554;34091026
611;2025-07-30 06:23:27;dapps;857960;907768;0.8718887078763525;35,5;12,00;35707;9546815739;34091761
612;2025-07-30 06:24:27;dapps;858300;907768;0.873300460002143;33,9;11,90;35502;9547377327;34092389
613;2025-07-30 06:25:27;dapps;858615;907768;0.8745392511615556;32,8;11,84;35612;9547907366;34093153
614;2025-07-30 06:26:29;dapps;858947;907768;0.8758066838736575;46,8;12,50;35741;9548462535;34093817
615;2025-07-30 06:27:29;dapps;859265;907768;0.8768758366872066;37,5;12,17;35745;9548993238;34094237
616;2025-07-30 06:28:30;dapps;859619;907769;0.8781895795969413;37,1;11,99;35745;9549609483;34094848
617;2025-07-30 06:29:30;dapps;859938;907769;0.8793605131650661;37,1;11,96;35703;9550161143;34095595
618;2025-07-30 06:30:30;dapps;860274;907769;0.8806430906230124;35,5;11,95;35431;9550720721;34096262
619;2025-07-30 06:31:34;dapps;860538;907769;0.88177086513471;17,7;12,81;35351;9551168482;34096632
620;2025-07-30 06:32:34;dapps;860832;907769;0.8827447462411377;37,5;11,79;36008;9551655356;34097558
621;2025-07-30 06:33:35;dapps;861078;907769;0.8834934072866606;37,7;13,31;35466;9552071320;34098050
622;2025-07-30 06:34:35;dapps;861375;907769;0.8845050241640129;38,1;13,11;35465;9552563367;34098609
623;2025-07-30 06:35:35;dapps;861660;907769;0.885521621106652;37,5;12,09;35417;9553046571;34099334
624;2025-07-30 06:36:36;dapps;861935;907769;0.8863459827159601;35,5;11,97;35574;9553546133;34100054
625;2025-07-30 06:37:37;dapps;862209;907769;0.8871555409715965;40,3;13,16;35739;9554012303;34101049
626;2025-07-30 06:38:40;dapps;862462;907769;0.8880978963157793;36,5;11,89;35594;9554427386;34101397
627;2025-07-30 06:39:42;dapps;862700;907769;0.8888352158469407;37,5;12,00;35631;9554837391;34102196
628;2025-07-30 06:40:43;dapps;862917;907769;0.8894482326540843;36,9;11,21;35508;9555220870;34102867
629;2025-07-30 06:41:43;dapps;863209;907769;0.8903288669912596;36,5;11,66;35695;9555746716;34103696
630;2025-07-30 06:42:44;dapps;863404;907769;0.8909940263948432;40,6;12,01;35676;9556064205;34104119
631;2025-07-30 06:43:45;dapps;863682;907769;0.8919909355680241;34,4;11,96;35651;9556528334;34104488
632;2025-07-30 06:44:45;dapps;863914;907769;0.8926991766399394;35,9;11,84;36147;9556909650;34105162
633;2025-07-30 06:45:46;dapps;864115;907769;0.8932506233245567;37,1;12,15;35512;9557266842;34105728
634;2025-07-30 06:46:46;dapps;864425;907769;0.8943886650111026;37,5;12,32;36149;9557766721;34106542
635;2025-07-30 06:47:47;dapps;864717;907769;0.8955246686882548;36,5;12,86;35933;9558254461;34107240
636;2025-07-30 06:48:47;dapps;865032;907769;0.8966533093873935;35,9;12,36;35711;9558749952;34108167
637;2025-07-30 06:49:48;dapps;865302;907769;0.8976833666901244;35,9;11,19;35704;9559187542;34108747
638;2025-07-30 06:50:50;dapps;865606;907769;0.8988459193079624;34,4;12,35;35710;9559667362;34109221
639;2025-07-30 06:51:58;dapps;865956;907769;0.9001553992725524;36,5;11,93;35869;9560231746;34110152
640;2025-07-30 06:52:58;dapps;866280;907769;0.9012055685252248;35,9;12,07;36123;9560755484;34110672
641;2025-07-30 06:53:59;dapps;866573;907769;0.9022327364233139;36,5;12,39;35724;9561252953;34111144
642;2025-07-30 06:55:01;dapps;866872;907769;0.9034524316723069;35,4;12,68;35919;9561721493;34112124
643;2025-07-30 06:56:03;dapps;867158;907769;0.9044724323995555;35,5;12,12;35803;9562188566;34112793
644;2025-07-30 06:57:03;dapps;867457;907769;0.9054637532881635;36,5;12,19;36182;9562710619;34113311
645;2025-07-30 06:58:04;dapps;867727;907769;0.9064137675976702;36,5;11,80;36119;9563185476;34114441
646;2025-07-30 06:59:04;dapps;868002;907770;0.907322284043133;37,1;12,08;36330;9563673931;34114992
647;2025-07-30 07:00:07;dapps;868246;907770;0.9081295393230963;37,5;12,22;36033;9564106203;34115664
648;2025-07-30 07:01:07;dapps;868487;907770;0.9088068409066482;20,6;11,20;35756;9564548100;34116438
649;2025-07-30 07:02:15;dapps;868710;907770;0.9094955085457493;36,5;11,41;35924;9564930883;34117403
650;2025-07-30 07:03:17;dapps;868912;907770;0.9099998298425847;36,5;11,43;36277;9565303104;34118129
651;2025-07-30 07:04:19;dapps;869130;907770;0.9105897409993263;36,5;11,75;36392;9565694810;34118946
652;2025-07-30 07:05:19;dapps;869312;907770;0.9110936903754537;37,5;11,87;36315;9566000999;34119897
653;2025-07-30 07:06:20;dapps;869560;907770;0.911824323904635;37,1;12,16;35885;9566401460;34120777
654;2025-07-30 07:07:22;dapps;869787;907771;0.9125722295308931;35,9;12,45;35796;9566784017;34121656
655;2025-07-30 07:08:22;dapps;869990;907771;0.9131077204956093;45,3;12,11;36170;9567125151;34122403
656;2025-07-30 07:09:25;dapps;870263;907772;0.9139990150091311;34,9;12,01;36134;9567556905;34123301
657;2025-07-30 07:10:26;dapps;870495;907772;0.914741076271923;34,9;12,65;36125;9567933665;34123923
658;2025-07-30 07:11:30;dapps;870713;907773;0.9154050443174996;38,5;11,64;36257;9568327994;34124814
659;2025-07-30 07:12:31;dapps;871000;907773;0.9164649490869274;37,1;11,96;36272;9568786143;34125449
660;2025-07-30 07:13:36;dapps;871276;907773;0.9174922874537599;37,5;12,01;36070;9569226654;34126274
661;2025-07-30 07:14:38;dapps;871496;907773;0.9180989177687223;34,9;12,79;36105;9569579113;34126825
662;2025-07-30 07:15:42;dapps;871763;907773;0.9188377485883724;33,9;12,94;36465;9570012644;34127768
663;2025-07-30 07:16:42;dapps;872005;907773;0.9195591926481799;35,5;12,03;36532;9570412813;34128342
664;2025-07-30 07:17:43;dapps;872265;907774;0.9202919915402147;36,5;12,16;36514;9570840036;34129142
665;2025-07-30 07:18:44;dapps;872529;907775;0.9210056005363001;34,9;13,21;36053;9571258731;34129939
666;2025-07-30 07:19:44;dapps;872765;907775;0.9217418488953302;39,7;12,91;36379;9571654753;34130554
667;2025-07-30 07:20:45;dapps;873009;907775;0.9224233974012377;40,3;11,87;36635;9572044578;34131116
668;2025-07-30 07:21:47;dapps;873242;907775;0.9230110735043763;35,9;12,14;36339;9572420814;34131856
669;2025-07-30 07:22:47;dapps;873457;907775;0.9235742137888184;36,9;12,98;36046;9572755652;34132706
670;2025-07-30 07:23:48;dapps;873698;907775;0.9242128048129228;32,3;10,71;36411;9573127572;34133621
671;2025-07-30 07:24:48;dapps;873894;907775;0.9246756626018526;35,5;10,81;36185;9573441366;34134146
672;2025-07-30 07:25:48;dapps;874157;907775;0.9252349476760489;33,8;11,36;36352;9573871394;34135121
673;2025-07-30 07:26:49;dapps;874406;907776;0.9259079543870946;36,5;12,81;36137;9574268084;34135728
674;2025-07-30 07:27:51;dapps;874611;907776;0.9264237660266038;35,5;11,65;36440;9574600094;34136515
675;2025-07-30 07:28:52;dapps;874861;907776;0.9270810980662934;34,9;11,75;36780;9574998575;34137101
676;2025-07-30 07:29:58;dapps;875073;907776;0.9275462281005897;36,9;12,84;36677;9575359576;34137949
677;2025-07-30 07:31:00;dapps;875312;907776;0.928127971483378;34,9;12,23;36729;9575722730;34138763
678;2025-07-30 07:32:03;dapps;875539;907776;0.9286713435440965;33,3;12,17;36194;9576097582;34139755
679;2025-07-30 07:33:04;dapps;875768;907776;0.9291302686181442;36,5;13,40;36064;9576462587;34140408
680;2025-07-30 07:34:04;dapps;875946;907776;0.9294626908073216;37,7;11,00;36295;9576764178;34141319
681;2025-07-30 07:35:04;dapps;876193;907776;0.9299167172292077;23,4;11,67;36159;9577164927;34141988
682;2025-07-30 07:36:05;dapps;876428;907776;0.9304049884907434;37,1;12,44;36445;9577551660;34142603
683;2025-07-30 07:37:12;dapps;876601;907776;0.930712155205197;38,1;11,53;36226;9577826420;34143370
684;2025-07-30 07:38:13;dapps;876775;907776;0.9310316112577449;36,8;11,87;36234;9578112721;34144049
685;2025-07-30 07:39:13;dapps;876916;907776;0.9312733358977062;37,1;11,57;36211;9578366761;34144789
686;2025-07-30 07:40:22;dapps;877095;907776;0.931688620715994;38,1;13,61;36219;9578688004;34145591
687;2025-07-30 07:41:22;dapps;877257;907776;0.9319938502919177;39,1;11,99;36441;9578985900;34146476
688;2025-07-30 07:42:24;dapps;877387;907776;0.9322189173543777;36,1;11,93;36782;9579248226;34147087
689;2025-07-30 07:43:24;dapps;877501;907776;0.9324063912145792;37,5;12,79;36298;9579418438;34147545
690;2025-07-30 07:44:31;dapps;877705;907776;0.9328936235783858;32,3;10,17;36330;9579791115;34148300
691;2025-07-30 07:45:37;dapps;877880;907776;0.9332976037173272;37,1;9,75;36848;9580113498;34148759
692;2025-07-30 07:46:37;dapps;878049;907776;0.9336793110737514;37,3;10,23;36991;9580392830;34149544
693;2025-07-30 07:47:38;dapps;878212;907776;0.9340360637118249;38,1;10,28;36484;9580686786;34150223
694;2025-07-30 07:48:38;dapps;878446;907776;0.9346504562492887;36,9;10,80;36976;9581065692;34150666
695;2025-07-30 07:49:38;dapps;878579;907776;0.9350012801362022;34,9;11,21;36992;9581310405;34151487
696;2025-07-30 07:50:42;dapps;878744;907777;0.9353765313353544;33,3;11,32;36817;9581603554;34152227
697;2025-07-30 07:51:47;dapps;878903;907777;0.9357060850687127;37,5;12,81;36746;9581879567;34152812
698;2025-07-30 07:52:49;dapps;879037;907777;0.9359817798477564;35,9;12,24;36434;9582137179;34153515
699;2025-07-30 07:53:49;dapps;879213;907777;0.9363598551002921;39,1;12,00;36815;9582464500;34154409
700;2025-07-30 07:54:49;dapps;879340;907777;0.9366129132924428;37,5;11,88;36814;9582702999;34154780
701;2025-07-30 07:55:52;dapps;879518;907777;0.9370219628099253;38,7;11,84;36872;9582978237;34155570
702;2025-07-30 07:57:03;dapps;879707;907777;0.937468989951984;21;12,04;36324;9583307509;34156290
703;2025-07-30 07:58:05;dapps;879852;907778;0.9377882421094542;38,5;9,63;36825;9583547035;34156910
704;2025-07-30 07:59:05;dapps;879989;907778;0.9380851166066259;35,5;9,85;36828;9583802171;34157574
705;2025-07-30 08:00:06;dapps;880166;907778;0.9384171742217112;36,5;11,65;36836;9584152239;34158190
706;2025-07-30 08:01:06;dapps;880388;907778;0.9389340400187142;37,5;12,41;36457;9584529654;34159350
707;2025-07-30 08:02:12;dapps;880531;907779;0.9391942884812248;39,1;11,04;36650;9584805473;34160287
708;2025-07-30 08:03:16;dapps;880721;907779;0.9396122661785805;37,3;11,28;36741;9585127791;34160987
709;2025-07-30 08:04:16;dapps;880860;907779;0.9398786902952629;36,5;11,45;36539;9585372058;34161487
710;2025-07-30 08:05:20;dapps;880983;907779;0.9401094989530385;50;11,75;36751;9585609300;34162111
711;2025-07-30 08:06:26;dapps;881163;907779;0.9404264960536021;35,4;11,89;36391;9585921708;34162934
712;2025-07-30 08:07:34;dapps;881301;907779;0.9406687912246784;39,7;12,16;36944;9586209194;34163612
713;2025-07-30 08:08:37;dapps;881424;907779;0.9409038038684805;40,6;13,56;36762;9586431585;34164249
714;2025-07-30 08:09:42;dapps;881556;907779;0.9411423091168639;38,1;12,11;36550;9586650808;34164784
715;2025-07-30 08:10:42;dapps;881714;907779;0.9414767033783514;23,8;9,42;36352;9586949307;34165343
716;2025-07-30 08:11:45;dapps;881847;907779;0.9416826262349853;40,6;10,05;36676;9587205874;34165940
717;2025-07-30 08:12:45;dapps;881979;907779;0.9419267246055706;37,5;10,56;36481;9587424421;34166440
718;2025-07-30 08:13:47;dapps;882151;907779;0.9422436137872214;37,5;9,69;36737;9587741228;34166853
719;2025-07-30 08:14:47;dapps;882335;907779;0.94260828425224;39,1;10,87;36439;9588049458;34167711
720;2025-07-30 08:15:49;dapps;882547;907779;0.9431002548958566;34,9;10,18;36573;9588475419;34168602
721;2025-07-30 08:16:51;dapps;882697;907779;0.9434370526692324;37,5;10,90;36942;9588727779;34169041
722;2025-07-30 08:17:53;dapps;882867;907779;0.9438526448225077;35,5;11,80;36405;9589050301;34169789
723;2025-07-30 08:18:54;dapps;883007;907779;0.9441577786649673;35,9;11,14;36556;9589294563;34170195
724;2025-07-30 08:20:01;dapps;883138;907779;0.9444505162316588;33,9;11,41;36745;9589545570;34170774
725;2025-07-30 08:21:09;dapps;883318;907779;0.9448421599769645;37,5;11,51;36493;9589845160;34171377
726;2025-07-30 08:22:09;dapps;883508;907780;0.9452847426050697;35,9;12,00;36641;9590164609;34172203
727;2025-07-30 08:23:10;dapps;883610;907780;0.9454932620618021;33,9;12,65;36496;9590361156;34172590
728;2025-07-30 08:24:19;dapps;883719;907780;0.9456771852215339;37,5;11,77;36736;9590565986;34173264
729;2025-07-30 08:25:20;dapps;883822;907780;0.9458766044454313;39,1;11,97;36942;9590742461;34173786
730;2025-07-30 08:26:20;dapps;883919;907780;0.9460278083398046;37,1;11,88;37017;9590920255;34174278
731;2025-07-30 08:27:21;dapps;884061;907780;0.9462462045644436;34,9;9,31;36923;9591149605;34174945
732;2025-07-30 08:28:28;dapps;884232;907780;0.9465872499089659;37,5;9,65;36379;9591422487;34175703
733;2025-07-30 08:29:29;dapps;884448;907780;0.9471320735872826;35,5;10,17;36570;9591819162;34176381
734;2025-07-30 08:30:29;dapps;884701;907781;0.9479002234849639;36,5;10,73;36666;9592268238;34177088
735;2025-07-30 08:31:30;dapps;884904;907781;0.9485172433241869;36,9;12,51;36546;9592617155;34177471
736;2025-07-30 08:32:30;dapps;885142;907781;0.9493592122392461;36,5;12,05;36837;9593052979;34178238
737;2025-07-30 08:33:37;dapps;885352;907781;0.9499223295374117;34,9;12,03;36494;9593392057;34178563
738;2025-07-30 08:34:37;dapps;885564;907781;0.9503401923908164;39,1;12,37;37137;9593713297;34179508
739;2025-07-30 08:35:39;dapps;885746;907781;0.9506924070270287;34,9;13,33;36933;9594038934;34180291
740;2025-07-30 08:36:39;dapps;885858;907781;0.9508867553264975;35,9;12,69;36552;9594227372;34180637
741;2025-07-30 08:37:42;dapps;886012;907781;0.9511178801201077;33,9;11,20;36778;9594523068;34181403
742;2025-07-30 08:38:43;dapps;886200;907781;0.9515094946034595;36,5;10,41;36919;9594840480;34182030
743;2025-07-30 08:39:44;dapps;886288;907781;0.9517223639549329;36,5;10,62;37101;9594991272;34182333
744;2025-07-30 08:40:47;dapps;886386;907781;0.9519424457333533;37,1;10,64;36643;9595196879;34183116
745;2025-07-30 08:41:58;dapps;886508;907781;0.952229227987039;38,1;10,72;37164;9595405001;34183628
746;2025-07-30 08:42:59;dapps;886635;907781;0.9524711594530941;37,5;10,98;36859;9595623928;34184024
747;2025-07-30 08:44:02;dapps;886763;907781;0.9527662658637223;62,5;11,06;36530;9595826290;34184675
748;2025-07-30 08:45:03;dapps;886883;907781;0.9530440085344449;37,1;11,54;36910;9596017606;34184957
749;2025-07-30 08:46:03;dapps;886968;907781;0.9532058011654528;63,6;11,49;36989;9596174022;34185564
750;2025-07-30 08:47:07;dapps;887054;907781;0.9533744151741353;34,9;11,23;36895;9596336190;34185922
751;2025-07-30 08:48:10;dapps;887212;907781;0.9537306720556172;34,9;11,32;36892;9596577261;34186520
752;2025-07-30 08:49:11;dapps;887339;907781;0.9540368511430154;34,9;11,66;36563;9596779866;34186996
753;2025-07-30 08:50:15;dapps;887488;907781;0.9543329762539464;37,1;11,68;36346;9597065141;34187815
754;2025-07-30 08:51:17;dapps;887663;907781;0.9547236665671684;36,5;12,70;36357;9597334926;34188251
755;2025-07-30 08:52:18;dapps;887845;907781;0.9551300302872684;32,3;12,69;36562;9597648384;34188566
756;2025-07-30 08:53:19;dapps;888007;907781;0.9555155594810638;37,1;12,16;36616;9597913409;34189073
757;2025-07-30 08:54:20;dapps;888145;907781;0.9558402045335753;36,5;12,33;36485;9598136680;34189771
758;2025-07-30 08:55:21;dapps;888308;907781;0.9562146527147012;49,2;12,15;36531;9598423484;34190254
759;2025-07-30 08:56:22;dapps;888448;907781;0.9565226759525418;37,5;12,18;37095;9598640751;34190939
760;2025-07-30 08:57:22;dapps;888600;907781;0.9568506898520991;38,5;10,51;37080;9598893622;34191481
761;2025-07-30 08:58:24;dapps;888734;907781;0.9571806391491955;37,1;10,35;36906;9599129985;34192106
762;2025-07-30 08:59:24;dapps;888855;907781;0.9574456638654502;17,5;10,65;36982;9599325465;34192560
763;2025-07-30 09:00:24;dapps;889014;907781;0.9577814602371109;36,5;10,22;37181;9599597507;34193219
764;2025-07-30 09:01:28;dapps;889178;907781;0.9581190128151496;40,6;11,10;37217;9599871826;34193550
765;2025-07-30 09:02:37;dapps;889342;907781;0.958501351088907;65,1;11,21;36656;9600135745;34193905
766;2025-07-30 09:03:44;dapps;889525;907781;0.9588803696793515;37,5;12,19;36601;9600441063;34194577
767;2025-07-30 09:04:47;dapps;889692;907781;0.9592611296667167;36,5;12,08;36824;9600716125;34195089
768;2025-07-30 09:05:51;dapps;889861;907781;0.9596167586670418;34,9;12,03;36679;9600983000;34195794
769;2025-07-30 09:06:54;dapps;890011;907781;0.9599648122259179;37,5;12,24;36577;9601218781;34196369
770;2025-07-30 09:07:55;dapps;890172;907781;0.9603384575144451;38,1;12,09;36689;9601487333;34197074
771;2025-07-30 09:08:56;dapps;890324;907781;0.960665019978602;40;11,89;36903;9601713219;34197644
772;2025-07-30 09:09:56;dapps;890486;907781;0.9610372160198142;66,7;12,43;36988;9601963367;34198309
773;2025-07-30 09:10:57;dapps;890660;907781;0.961391938655588;46,9;12,11;36948;9602234262;34198623
774;2025-07-30 09:12:00;dapps;890812;907781;0.9616981979191761;37,5;12,38;36571;9602464709;34199035
775;2025-07-30 09:13:01;dapps;891010;907781;0.9620654929931254;38,2;12,31;36798;9602722839;34199499
776;2025-07-30 09:14:01;dapps;891179;907781;0.9624408267775472;45,3;12,57;36665;9602942651;34199983
777;2025-07-30 09:15:03;dapps;891354;907781;0.9628144600413706;37,5;12,42;37196;9603190419;34200536
778;2025-07-30 09:16:04;dapps;891524;907781;0.9631778707263793;34,4;12,53;36927;9603417724;34200877
779;2025-07-30 09:17:04;dapps;891674;907781;0.9635298077894118;47,7;12,27;36526;9603619000;34201430
780;2025-07-30 09:18:06;dapps;891876;907781;0.9639921824936234;45,3;12,22;36531;9603902358;34202079
781;2025-07-30 09:19:07;dapps;892054;907781;0.9643728981026746;37,5;11,51;37090;9604150806;34202356
782;2025-07-30 09:20:12;dapps;892267;907781;0.9648253812320314;39,7;12,17;36524;9604460647;34202844
783;2025-07-30 09:21:16;dapps;892450;907781;0.9652055704537157;33,9;12,26;36515;9604739840;34203444
784;2025-07-30 09:22:16;dapps;892634;907781;0.9656383391405475;35,5;11,98;37074;9605027643;34203950
785;2025-07-30 09:23:18;dapps;892822;907781;0.9660385780325771;34,4;11,54;37122;9605342189;34204607
786;2025-07-30 09:24:18;dapps;892973;907781;0.9663923633709993;39,1;12,54;36880;9605618073;34204952
787;2025-07-30 09:25:24;dapps;893129;907781;0.9667768506464195;50,8;12,20;37089;9605870057;34205447
788;2025-07-30 09:26:26;dapps;893336;907781;0.9672998611864311;37,1;12,18;37322;9606208648;34206530
789;2025-07-30 09:27:27;dapps;893472;907782;0.9676473899051097;57,8;12,52;36925;9606441728;34207163
790;2025-07-30 09:28:28;dapps;893613;907782;0.9679622257982928;78,5;12,31;37202;9606695928;34207684
791;2025-07-30 09:29:37;dapps;893806;907782;0.9684622123491408;38,1;12,40;37019;9607001267;34208427
792;2025-07-30 09:30:44;dapps;893966;907782;0.9688074315561139;42,9;12,37;36839;9607313917;34208856
793;2025-07-30 09:31:45;dapps;894110;907782;0.9691568681904648;35,9;12,31;36907;9607580372;34209635
794;2025-07-30 09:32:47;dapps;894267;907782;0.9695482181359748;39,7;12,27;37455;9607823685;34210209
795;2025-07-30 09:33:48;dapps;894405;907782;0.9698692475499796;31,2;10,91;36839;9608074515;34210798
796;2025-07-30 09:34:49;dapps;894532;907783;0.9701443818026637;38,1;11,26;37268;9608269254;34211306
797;2025-07-30 09:35:50;dapps;894673;907783;0.9705001699491895;51,6;11,36;37051;9608517624;34211972
798;2025-07-30 09:36:54;dapps;894785;907783;0.9707613618559086;36,5;12,03;37098;9608685601;34212264
799;2025-07-30 09:37:54;dapps;894931;907783;0.9710607195123028;35,4;12,22;36940;9608928753;34212682
800;2025-07-30 09:38:59;dapps;895076;907783;0.9713710953710327;35,9;11,66;36874;9609177519;34213289
801;2025-07-30 09:40:07;dapps;895260;907783;0.9717741681248855;41,5;11,80;37218;9609527017;34214077
802;2025-07-30 09:41:07;dapps;895452;907784;0.9721419237303395;39,1;12,03;37415;9609823205;34214734
803;2025-07-30 09:42:09;dapps;895598;907785;0.9724863408035849;59,4;12,09;37342;9610058650;34215233
804;2025-07-30 09:43:20;dapps;895709;907785;0.9727344424450454;65,1;12,26;36936;9610247774;34215630
805;2025-07-30 09:44:21;dapps;895807;907786;0.9729254269745746;38,5;12,74;37076;9610404837;34216075
806;2025-07-30 09:45:21;dapps;895900;907787;0.9731118741813253;39,1;12,06;37286;9610572440;34216511
807;2025-07-30 09:46:24;dapps;895999;907787;0.9733534911990813;37,1;9,30;37312;9610726293;34217038
808;2025-07-30 09:47:30;dapps;896109;907787;0.9735765713884156;37,5;9,55;37521;9610939964;34217484
809;2025-07-30 09:48:38;dapps;896214;907787;0.9738154686982418;36,5;9,93;37166;9611131904;34218061
810;2025-07-30 09:49:39;dapps;896344;907787;0.9740931674424192;45,2;9,90;37295;9611324438;34218432
811;2025-07-30 09:50:41;dapps;896479;907787;0.9744081045543652;36,9;9,97;37499;9611546940;34219208
812;2025-07-30 09:51:43;dapps;896610;907787;0.9747283905763588;40;10,16;36948;9611754414;34219774
813;2025-07-30 09:52:43;dapps;896747;907787;0.9750426178409447;36,5;10,29;37447;9612016020;34220235
814;2025-07-30 09:53:52;dapps;896908;907787;0.9753958319931342;67,7;10,32;37424;9612283489;34221075
815;2025-07-30 09:54:52;dapps;897058;907787;0.9757647135753266;56,5;11,04;37348;9612523966;34221750
816;2025-07-30 09:55:54;dapps;897201;907788;0.9760856504047589;54;10,82;37381;9612777887;34222358
817;2025-07-30 09:56:54;dapps;897368;907788;0.9764255791955496;37,5;10,85;37095;9613013316;34222647
818;2025-07-30 09:57:55;dapps;897516;907788;0.9767791270204379;70,3;11,06;37127;9613247821;34223188
819;2025-07-30 09:58:56;dapps;897666;907788;0.9771190311931963;40,3;11,33;37421;9613495049;34223946
820;2025-07-30 09:59:57;dapps;897804;907788;0.9774180534892378;36,5;11,49;37214;9613717881;34224426
821;2025-07-30 10:00:58;dapps;897918;907789;0.9776718469267951;37,5;11,50;37431;9613919075;34224821
822;2025-07-30 10:01:59;dapps;898045;907789;0.9779289245485211;39,7;11,54;37267;9614155967;34225502
823;2025-07-30 10:03:00;dapps;898188;907790;0.9782699527631299;41,9;12,00;36991;9614445191;34226205
824;2025-07-30 10:04:02;dapps;898359;907790;0.9786189653545482;37,5;11,97;37428;9614720828;34226580
825;2025-07-30 10:05:09;dapps;898480;907790;0.9788778083801356;34,9;12,36;36953;9614881502;34226956
826;2025-07-30 10:06:09;dapps;898625;907790;0.9791900846069779;36,5;11,82;36951;9615093144;34227682
827;2025-07-30 10:07:11;dapps;898738;907790;0.9794615351077819;36,5;12,29;37375;9615262112;34228050
828;2025-07-30 10:08:12;dapps;898875;907790;0.9797481886371592;35,9;12,07;37164;9615509417;34228587
829;2025-07-30 10:09:14;dapps;899019;907790;0.9800315566373948;36,5;12,35;36969;9615687052;34228885
830;2025-07-30 10:10:15;dapps;899132;907790;0.980272885747441;38,8;12,47;37374;9615868010;34229457
831;2025-07-30 10:11:21;dapps;899310;907790;0.9806459859707166;36,5;11,42;37101;9616056041;34230043
832;2025-07-30 10:12:29;dapps;899460;907790;0.9810001380698012;40;11,62;36751;9616253508;34230515
833;2025-07-30 10:13:34;dapps;899623;907791;0.9813682150688192;70,3;9,90;37279;9616514242;34231295
834;2025-07-30 10:14:36;dapps;899772;907791;0.9817426205956468;36,5;10,22;37321;9616802824;34231872
835;2025-07-30 10:15:37;dapps;899919;907791;0.9821200531921244;38,1;9,88;37506;9617006903;34232493
836;2025-07-30 10:16:41;dapps;900075;907791;0.9824990416120437;36,5;10,17;37159;9617246819;34232844
837;2025-07-30 10:17:42;dapps;900232;907791;0.9828561303769781;71,2;10,33;37189;9617456625;34233403
838;2025-07-30 10:18:42;dapps;900426;907791;0.9832646230208014;35,9;10,37;37420;9617708498;34233969
839;2025-07-30 10:19:43;dapps;900590;907792;0.9836378067581413;38,1;11,03;36967;9617938897;34234582
840;2025-07-30 10:20:45;dapps;900725;907792;0.9839116051433991;38,1;10,94;37386;9618143603;34234878
841;2025-07-30 10:21:46;dapps;900879;907792;0.9842555286034217;56,9;10,89;37009;9618391570;34235521
842;2025-07-30 10:22:49;dapps;901018;907792;0.9845676431027142;51,6;11,21;37487;9618606938;34236000
843;2025-07-30 10:23:50;dapps;901153;907792;0.9848686369557647;54;11,46;37068;9618795988;34236374
844;2025-07-30 10:24:50;dapps;901302;907792;0.985190894889823;38,1;11,24;37228;9618975062;34236864
845;2025-07-30 10:25:51;dapps;901468;907792;0.9855775362362851;39,7;11,42;37000;9619141212;34237218
846;2025-07-30 10:26:59;dapps;901627;907792;0.9859864246111451;40,6;11,51;37423;9619382970;34237907
847;2025-07-30 10:28:00;dapps;901756;907792;0.9863086851813464;35,9;11,60;37289;9619573397;34238267
848;2025-07-30 10:29:01;dapps;901899;907792;0.9866482974896597;38,1;11,78;37307;9619807845;34238810
849;2025-07-30 10:30:08;dapps;902022;907792;0.9869244087846626;38,1;11,98;37320;9619987015;34239366
850;2025-07-30 10:31:09;dapps;902184;907792;0.9872766892518094;51,6;12,26;37069;9620218771;34239890
851;2025-07-30 10:32:16;dapps;902324;907792;0.9876865573515203;37,1;12,43;37131;9620423957;34240580
852;2025-07-30 10:33:17;dapps;902478;907792;0.9881449693220539;34,4;12,55;37519;9620637964;34240916
853;2025-07-30 10:34:18;dapps;902599;907792;0.9884757289295474;36,5;12,17;36849;9620829627;34241615
854;2025-07-30 10:35:22;dapps;902724;907793;0.9887570954737067;84,1;12,24;37112;9621027770;34242319
855;2025-07-30 10:36:31;dapps;902896;907793;0.9891354856452084;53,1;9,94;37331;9621295025;34242756
856;2025-07-30 10:37:34;dapps;903042;907793;0.9895082547801898;49,3;10,40;36897;9621537892;34243280
857;2025-07-30 10:38:38;dapps;903226;907793;0.9899257837286508;50,7;10,18;37248;9621846302;34243918
858;2025-07-30 10:39:39;dapps;903412;907793;0.9902802855474058;42,2;10,04;37501;9622073272;34244386
859;2025-07-30 10:40:39;dapps;903549;907793;0.990609323307297;20,5;10,45;37465;9622286882;34244677
860;2025-07-30 10:41:42;dapps;903716;907794;0.9909985250629212;35,9;10,29;36974;9622531068;34245367
861;2025-07-30 10:42:47;dapps;903847;907794;0.9912512339123617;34,9;11,58;36891;9622718925;34245765
862;2025-07-30 10:43:47;dapps;904012;907794;0.9916190553665424;32,8;10,92;37654;9622952638;34246320
863;2025-07-30 10:44:48;dapps;904188;907794;0.9919842271286763;68,8;10,97;37628;9623169162;34246638
864;2025-07-30 10:45:54;dapps;904372;907794;0.9923644963729638;52,4;11,24;37595;9623454401;34247326
865;2025-07-30 10:46:57;dapps;904524;907794;0.9926824843858449;69,7;11,33;37536;9623652997;34247872
866;2025-07-30 10:48:00;dapps;904669;907794;0.9930159766446294;36,5;11,43;37313;9623866419;34248554
867;2025-07-30 10:49:00;dapps;904803;907794;0.9932846856312441;39,1;11,80;37117;9624078063;34248949
868;2025-07-30 10:50:09;dapps;904966;907794;0.9936038249440684;34,9;11,83;37249;9624306678;34249592
869;2025-07-30 10:51:10;dapps;905111;907794;0.9939141662386095;36,5;11,84;37236;9624554209;34250085
870;2025-07-30 10:52:10;dapps;905251;907794;0.9942301210659877;37,5;11,64;37148;9624754567;34250760
871;2025-07-30 10:53:11;dapps;905406;907794;0.9945579735552923;47,7;12,13;37459;9624988507;34251213
872;2025-07-30 10:54:11;dapps;905534;907794;0.9948697725764345;38,1;12,02;37644;9625188849;34251822
873;2025-07-30 10:55:12;dapps;905690;907794;0.9951554147229504;36,5;12,21;37434;9625417336;34252355
874;2025-07-30 10:56:15;dapps;905851;907794;0.995527141394648;38,1;12,21;37528;9625661367;34252995
875;2025-07-30 10:57:16;dapps;905974;907794;0.9958431551182988;36,5;12,27;37530;9625837950;34253456
876;2025-07-30 10:58:17;dapps;906099;907794;0.9961521295511602;30,2;12,60;36969;9626046568;34254035
877;2025-07-30 10:59:18;dapps;906264;907794;0.9965354703835031;36,5;12,18;37636;9626293956;34254654
878;2025-07-30 11:00:23;dapps;906414;907794;0.9968664097492375;68,8;12,45;37498;9626515249;34255056
879;2025-07-30 11:01:30;dapps;906587;907794;0.9972369025670459;39,7;10,29;37269;9626776209;34255410
880;2025-07-30 11:02:34;dapps;906734;907795;0.9975457031092235;43,9;10,41;37532;9626996156;34255957
881;2025-07-30 11:03:34;dapps;906871;907795;0.9978794806643708;41,3;10,16;37686;9627210459;34256567
882;2025-07-30 11:04:34;dapps;907017;907795;0.9982035707151679;38,1;10,33;37250;9627435618;34257142
883;2025-07-30 11:05:35;dapps;907167;907795;0.9985182654137544;50;10,92;37321;9627696317;34257784
884;2025-07-30 11:06:44;dapps;907361;907795;0.998932228434205;35,5;11,18;37360;9628020641;34258548
885;2025-07-30 11:07:47;dapps;907511;907795;0.9992764969408946;33,9;11,74;37506;9628270968;34258950
886;2025-07-30 11:08:48;dapps;907638;907795;0.9995941407133747;38,1;11,74;37352;9628487925;34259667
887;2025-07-30 11:09:48;dapps;907743;907795;0.9998842981798282;34,9;11,68;37418;9628625920;34260159
